nonce,gasLimit,maxFeePerGas,maxPriorityFeePerGas,to,value,input,r,s,v,hash,from,gasPrice,function_signature,is_contract_interaction,input_length,Predicted_BlockNumber
0,100000,5617302320,5617302320,9.175510568426712e+47,0.0,2637349146066944,3.6114592704037237e+75,6.788972853495744e+75,0,1.0373055898119208e+77,2.4695292912073034e+45,5617302320,2637349146066944,1,138,21719048
0,69845,9350000000,6000000,1.2488751460129641e+48,0.0,47575441774477312,8.726422376686023e+76,5.6541095162904644e+75,0,1.1470468928162359e+77,1.337713989365539e+48,9350000000,47575441774477312,1,138,21719047
2122565,500000,102000000000,2000000000,1.1602039184222147e+48,4.681253e+16,0,7.069038460851778e+76,1.862292335930218e+76,0,5.049613014655294e+76,2.1863303542864414e+47,10000000000,0,0,2,21719049
11,125158,102000000000,2000000000,4.472698890061276e+47,0.0,1316084013,1.0661134312283086e+77,4.5255713501428e+76,38,1.1292999051760478e+77,5.337062812917474e+47,6740762784,1316084013,1,10,21719046
0,216601,9110000000,5700000,6.480394233428847e+32,2.912763159e+16,9591847567491072,3.4459390705629666e+76,2.9169579334154075e+76,0,8.748758294253051e+76,7.925046142389777e+47,9110000000,9591847567491072,1,3338,21719046
2122566,500000,102000000000,2000000000,1.2200096271390407e+48,1222547894600000.0,0,8.586302311554704e+76,4.1721836140365166e+76,0,2.2471917946463703e+76,2.1863303542864414e+47,10000000000,0,0,2,21719045
29,243297,12327464269,2000000000,7.77075053696297e+47,0.0,26836146059214848,7.209649616386245e+76,5.1221193814326735e+76,0,8.294564182286041e+76,7.010302634461092e+47,12327464269,26836146059214848,1,1486,21719046
11543588,207128,102000000000,2000000000,5.414814217189395e+47,4.88e+16,0,2.137072999399352e+76,4.1040034816932106e+76,0,3.034700676504736e+76,2.3279193749198252e+47,102000000000,0,0,2,21719046
6453,80000,22000000000,2000000000,1.2488751460129641e+48,0.0,47575441774477312,2.837216961767175e+76,4.141532292857086e+76,0,9.653873087955844e+76,6.783317267137752e+46,22000000000,47575441774477312,1,138,21719048
10712879,220436,102000000000,2000000000,1.2488751460129641e+48,0.0,47575441774477312,6.962769445643837e+76,2.97761144726054e+76,1,4.998662605892884e+76,1.2778585931709738e+48,102000000000,47575441774477312,1,138,21719046
11,125158,102000000000,2000000000,4.472698890061276e+47,0.0,1316084013,7.378342947506257e+76,2.977648387924578e+76,37,4.200868173977509e+76,2.2994688972411726e+46,6740762784,1316084013,1,10,21719046
3526,68085,5853069810,50000000,2.855864548587344e+47,0.0,47575441774477312,5.361019360264621e+76,4.4766558102709843e+76,1,1.1272272007950979e+76,6.1128643468515716e+47,5853069810,47575441774477312,1,138,21719048
1034441,74512,9098306256,3640000,1.3531326783012512e+48,0.0,47575441774477312,2.2459397266616538e+76,2.2792442415809074e+75,1,6.952248107531324e+76,1.6240468346993611e+47,9098306256,47575441774477312,1,138,21719049
10667649,21000,10000000000,1000000000,6.450911654693583e+47,6.302905e+16,0,7.090515235693255e+76,4.334348983675504e+76,0,1.1002831005102013e+77,1.038152369971994e+48,10000000000,0,0,2,21719047
1787922,21000,9407854574,3640000,5.681978636136756e+47,1.087645197764924e+17,0,4.370922747714303e+76,1.5228014122839667e+76,0,3.396380235130652e+76,8.024139387762342e+47,9407854574,0,0,2,21719047
0,125158,102000000000,2000000000,4.472698890061276e+47,0.0,1316084013,4.601892921656728e+76,3.8068115892656954e+76,37,4.943600255499608e+76,1.319251541651742e+48,6740762784,1316084013,1,10,21719045
2584870,210173,10257744692,1150000000,1.1954672297860364e+48,0.0,3885100378882048,6.903579345326551e+76,3.725405544067104e+76,1,1.0300780984810674e+77,1.203352320970259e+48,10257744692,3885100378882048,1,650,21719047
2584871,210209,10257744692,1150000000,1.1954672297860364e+48,0.0,3885100378882048,4.207537611581224e+76,1.6914884467237432e+76,0,1.031506134151444e+77,1.203352320970259e+48,10257744692,3885100378882048,1,650,21719047
1054053,370122,9077560548,100000000,7.139091077764601e+47,0.0,3763689421275136,7.408896978532967e+76,1.4397591285122004e+75,1,5.3077557695603745e+76,1.0144790356769646e+48,9077560548,3763689421275136,1,394,21719049
293332,210005,102000000000,2000000000,3.943116140104069e+47,7.01871e+16,49062451206946816,5.316793434948105e+76,6.008401083945674e+75,38,9.80788482599877e+76,1.1040060460601516e+48,6628013448,49062451206946816,1,202,21719049
6,75057,4873154075,100000000,4.9913910569944815e+47,0.0,47575441774477312,4.306296920671123e+76,6.683870514606843e+75,0,5.797386549676142e+76,3.76811671257095e+47,4873154075,47575441774477312,1,138,21719048
10,21000,4873154075,100000000,5.036485892195838e+47,1096696030506879.0,0,3.380241497852859e+76,2.798996744348334e+76,1,1.1229335750820832e+77,1.947814738887733e+47,4873154075,0,0,2,21719048
0,100000,5844319442,5844319442,9.175510568426712e+47,0.0,2637349146066944,8.10402212260262e+76,9.183911873027873e+75,0,1.1252417230008486e+76,9.863268173248286e+47,5844319442,2637349146066944,1,138,21719045
23,94653,7390988655,970000000,9.175510568426712e+47,0.0,47575441774477312,8.537114980349406e+76,2.704633062992574e+76,0,2.2336346616640736e+76,9.54827162745813e+47,7390988655,47575441774477312,1,138,21719048
74,68310,7482037455,970000000,9.175510568426712e+47,0.0,47575441774477312,5.507671865300855e+76,2.8000631228913775e+76,0,9.91274356702529e+76,6.148519974720297e+47,7482037455,47575441774477312,1,138,21719047
8,229796,8990000000,5800000,1.0387397157469113e+47,9e+16,13726892947406848,5.83067030661017e+76,1.2854614550885222e+75,1,5.785467549622142e+75,9.88143007896171e+47,8990000000,13726892947406848,1,3146,21719049
194095,61642,102000000000,2000000000,9.294334945526482e+47,0.0,47575441774477312,1.0579541679618333e+77,9.045689883589619e+75,37,9.131166820368861e+76,1.2630573037304382e+48,5000000000,47575441774477312,1,138,21719049
1787923,21000,9407854574,3640000,3.102093847409532e+47,7699434599147640.0,0,6.898016285821282e+76,5.5269662926232175e+76,0,8.183100245816566e+76,8.024139387762342e+47,9407854574,0,0,2,21719048
0,61642,102000000000,2000000000,9.294334945526482e+47,0.0,47575441774477312,1.584734960954507e+76,5.533651276152239e+76,38,1.0955434165700266e+77,3.000097583633622e+47,5000000000,47575441774477312,1,138,21719045
183,21000,24200000000,2000000000,9.253119779824257e+47,3.148e+16,0,1.9483354189045416e+76,7.326997556192393e+75,0,8.421898278920798e+75,5.718186419537884e+47,24200000000,0,0,2,21719049
200,70434,5168796356,6900000,1.2488751460129641e+48,0.0,47575441774477312,8.298973219214922e+76,4.583276370742841e+76,1,1.0990049425186311e+77,8.784714984004769e+47,5168796356,47575441774477312,1,138,21719047
1787924,21000,9407854574,3640000,5.123858375053968e+47,5.876360515494584e+16,0,1.0933006535382795e+77,2.585783704039361e+76,0,1.598478901556941e+75,8.024139387762342e+47,9407854574,0,0,2,21719049
101198,720000,102000000000,2000000000,1.4395532680338545e+48,0.0,20493320941731840,1.1401420307753892e+77,3.760474075626086e+76,37,7.399596657715444e+76,7.577418321514791e+47,5000000000,20493320941731840,1,522,21719045
0,239132,9060000000,79000000,1.0387397157469113e+47,4.83688026901015e+16,13726892947406848,9.185605093308388e+76,2.937349216466182e+76,0,1.0402476493644736e+76,5.286982800943237e+47,9060000000,13726892947406848,1,3146,21719049
538,76837,102000000000,2000000000,1.2488751460129641e+48,0.0,47575441774477312,6.103492184051924e+76,3.7229676918255506e+76,38,8.706328518721444e+76,9.193476730952954e+46,5610546663,47575441774477312,1,138,21719049
70,65217,7390988655,970000000,9.175510568426712e+47,0.0,2637349146066944,8.678977967302158e+76,2.6544715750415105e+76,0,5.662005497809106e+76,6.655349179975525e+46,7390988655,2637349146066944,1,138,21719049
67,80000,22000000000,22000000000,1.2488751460129641e+48,0.0,47575441774477312,9.948991525241691e+76,2.909133103329757e+75,1,1.1520240013582828e+77,7.179000858635164e+47,22000000000,47575441774477312,1,138,21719047
1450265,21000,6564043923,760974113,1.360341432525581e+48,3.773677477371109e+18,0,7.659896041773681e+76,1.3756133535212975e+76,1,6.566118579654608e+76,5.509431790650889e+47,6564043923,0,0,2,21719049
19,305368,7117727667,970000000,5.070999964940587e+47,0.0,17787547983806464,1.0474203504683739e+77,3.648498570761653e+76,1,1.1312513925842988e+77,1.4155705527808255e+48,7117727667,17787547983806464,1,1162,21719046
1,100000,5844319442,5844319442,9.175510568426712e+47,0.0,2637349146066944,9.215968305814202e+76,5.542275281590576e+76,1,3.165133356225673e+76,5.053804338623232e+47,5844319442,2637349146066944,1,138,21719045
5,23100,9060000000,79000000,3.6478355001174285e+47,1.7e+17,0,1.1106949568838487e+77,2.3832021945034083e+76,1,1.0330695052500396e+77,5.603616084852776e+46,9060000000,0,0,2,21719049
1787925,65000,9295831696,3640000,1.2488751460129641e+48,0.0,47575441774477312,3.687375323865238e+76,5.6483166322059914e+76,1,7.244936534293883e+76,8.024139387762342e+47,9295831696,47575441774477312,1,138,21719047
39,776524,4841924541,100000000,3.3192370457985234e+47,0.0,15698914430681088,3.5340287250407244e+76,1.775580660488216e+76,1,1.086028582352688e+77,8.68024848832371e+47,4841924541,15698914430681088,1,7874,21719049
1112,496468,9194666256,100000000,9.204785269480453e+47,0.0,22247098393034752,2.1404717988265303e+76,3.531131620226324e+76,1,2.0525407186203563e+76,6.372104668976906e+47,9194666256,22247098393034752,1,4106,21719048
0,219462,24675455553,10000000,6.973231634015965e+47,3.6e+16,51503180139200512,9.946372654994069e+76,1.919058413963551e+75,1,2.949548475401069e+76,4.190244390406279e+47,24675455553,51503180139200512,1,458,21719048
17,223102,102000000000,2000000000,4.472698890061276e+47,0.0,3407499200,3.7185644151394406e+76,3.9156745270074955e+76,37,2.064981874400907e+76,7.64353439713158e+47,7013183329,3407499200,1,10,21719045
9,254337,7164275627,970000000,8.105266587877509e+46,0.0,54341952698580992,7.978476976303951e+76,3.94238610921172e+76,1,1.1569119163829262e+77,1.4610220052550054e+48,7164275627,54341952698580992,1,650,21719046
99,198781,9100000000,5900000,6.480394233428847e+32,0.0,9591847567491072,9.865027564252171e+76,3.540230676442309e+76,0,6.571881003328531e+76,1.6035012472652877e+47,9100000000,9591847567491072,1,3082,21719049
0,24150,7518582122,2000000000,2.200996248610537e+47,1786821382357190.0,0,2.8053121168265496e+76,2.5779976274255765e+76,1,5.850004455557817e+76,8.790650358092058e+47,7518582122,0,0,2,21719047
142213,80000,105000000000,3000000000,2.0119971891615626e+47,2.542986e+16,0,8.876911557309527e+76,4.444188293320459e+75,1,1.8856484998390132e+76,1.3995506706908791e+48,105000000000,0,0,2,21719047
0,244189,9110000000,5700000,6.480394233428847e+32,2.6228003041e+16,9591847567491072,8.103290058291513e+76,2.327264780505081e+76,1,4.954037619792523e+76,1.2017211153323932e+48,9110000000,9591847567491072,1,2890,21719049
0,100000,5844319442,5844319442,9.175510568426712e+47,0.0,2637349146066944,2.6551074065824673e+76,4.436166816728457e+76,1,7.24114021374708e+76,3.862270949175122e+47,5844319442,2637349146066944,1,138,21719048
655716,21000,11094666256,2000000000,7.078753737207195e+47,302048119194024.0,0,1.0473296533705094e+77,9.043898077239365e+75,0,3.2250026144304135e+76,8.795604290556242e+47,11094666256,0,0,2,21719049
11,23100,9110000000,5600000,1.1858628770064195e+48,2263770212092268.0,0,5.0934878092314876e+76,2.7778515612316634e+76,0,1.0848085278164976e+77,1.2926169566802566e+48,9110000000,0,0,2,21719045
5422111,90000,200000000000,2000000000,6.1138228683162145e+47,0.0,47575441774477312,5.117028462381612e+75,2.9917445686645734e+76,1,3.876433930820738e+76,1.4193416962342289e+48,200000000000,47575441774477312,1,138,21719049
75299,740000,9483345176,2000000000,8.737651266383311e+47,0.0,31434828897320960,7.72209766146719e+76,1.89545271378452e+76,0,6.373221660748376e+76,1.0374543044821941e+48,9483345176,31434828897320960,1,3018,21719046
11200107,207128,102000000000,2000000000,2.7339563537087316e+47,1.488e+17,0,1.1323562093190294e+77,1.9435151570505396e+76,0,7.31593350419696e+76,1.920344070702961e+47,102000000000,0,0,2,21719049
0,21000,102000000000,2000000000,5.599761640668918e+47,3.085564620507e+16,0,2.98015222400345e+76,5.079271249298733e+76,38,9.116211217666022e+76,1.1186524126608586e+48,4909228330,0,0,2,21719048
101199,350000,102000000000,2000000000,1.4395532680338545e+48,0.0,67633584885727232,8.175725961848774e+76,5.6132267862437266e+76,37,7.851152247133701e+76,7.577418321514791e+47,5000000000,67633584885727232,1,970,21719045
65048,400001,13094666256,1000000000,6.602950081357954e+47,0.0,67379888700522496,1.0793809076402227e+77,1.9634245409260096e+74,0,9.249979665592277e+76,9.701214026044474e+47,13094666256,67379888700522496,1,138,21719048
0,22000,102000000000,2000000000,1.345370618834235e+48,6.521191e+16,0,7.319540584274828e+76,5.507286900950508e+74,38,1.0362506565711458e+77,7.718940427444081e+47,5000000000,0,0,2,21719048
8,254330,9347271106,3640000,6.435432365376826e+47,0.0,29610457685819392,7.178881663696186e+76,3.089790519826572e+76,0,5.741188791000523e+76,8.367080485107925e+46,9347271106,29610457685819392,1,202,21719049
10667650,21000,11000000000,1000000000,3.447171232099322e+47,1.260581e+16,0,5.38583603791209e+76,2.2328352684891335e+76,0,8.663671537150598e+76,1.038152369971994e+48,11000000000,0,0,2,21719047
0,100000,5844319442,5844319442,9.175510568426712e+47,0.0,2637349146066944,6.567831616946578e+76,5.64014088321569e+76,0,8.1198659694505e+76,1.426754201468528e+48,5844319442,2637349146066944,1,138,21719047
25226,420000,502000000000,2000000000,1.4314053491955748e+48,0.0,47575441774477312,2.8663240979205356e+76,4.508697354316946e+76,0,2.1068556894284518e+76,1.172390986253103e+48,502000000000,47575441774477312,1,138,21719049
1,21000,4844513079,100000000,3.2697567377765097e+47,2290484804751505.0,0,4.1157618878883176e+76,4.5320494147501704e+76,1,3.5302453206084614e+76,1.1110278838710406e+48,4844513079,0,0,2,21719047
28362,42000,18000000000,10000000,5.432373103354792e+47,2.45e+16,0,1.0044316633808948e+77,4.497779139832027e+76,1,6.826568574325312e+76,1.3331382946603832e+48,18000000000,0,0,2,21719045
4,85737,7390988655,970000000,5.212743543600279e+46,0.0,47575441774477312,3.323875476342743e+76,5.7688499949898186e+76,1,6.642430052587477e+76,1.0554868848895388e+48,7390988655,47575441774477312,1,138,21719046
47,195627,9100000000,5900000,6.480394233428847e+32,1.7e+17,9591847567491072,7.10492040097499e+76,1.3190888996342402e+76,0,4.1656698706544397e+76,1.2399307879211261e+48,9100000000,9591847567491072,1,2890,21719049
41,80928,9347271106,3640000,7.374330381126283e+47,0.0,2637349146066944,7.86946912485469e+76,5.31755769875707e+75,0,6.320254454991689e+76,4.729771483364541e+47,9347271106,2637349146066944,1,138,21719049
14,51140,9260000000,79000000,1.2488751460129641e+48,0.0,47575441774477312,8.256620649214277e+76,5.7454969221423534e+76,0,3.74118261324401e+75,1.1172971676678537e+48,9260000000,47575441774477312,1,138,21719045
44,21000,7164275627,970000000,9.765180078077461e+47,1.2289619053e+16,0,5.2647112613059127e+76,9.444379256309764e+75,0,4.7328179133356283e+76,1.179861220544738e+48,7164275627,0,0,2,21719045
2122567,500000,102000000000,2000000000,1.4010957143807181e+48,1.694737e+16,0,8.790663218186359e+75,8.404484579724161e+75,0,5.429800729748107e+76,2.1863303542864414e+47,10000000000,0,0,2,21719048
0,45758,8500000000,1000000000,9.175510568426712e+47,0.0,47575441774477312,8.60966589720379e+76,4.0053800730236164e+76,1,1.0959934173868789e+77,4.222370717185087e+47,8500000000,47575441774477312,1,138,21719046
0,39200,8500000000,1000000000,1.3087588816291382e+48,0.0,47575441774477312,1.513063074675679e+76,2.669699602502955e+76,1,1.120160293849686e+77,1.3725180563419665e+48,8500000000,47575441774477312,1,138,21719046
6,54448,4678515553,6700000,9.175510568426712e+47,0.0,47575441774477312,7.896693475375154e+76,5.486276039683886e+76,0,4.450448398933652e+76,3.6826537910030936e+47,4678515553,47575441774477312,1,138,21719048
0,34812,8500000000,1000000000,8.545061637679553e+47,0.0,47575441774477312,5.232888162353002e+76,2.08180185955995e+76,1,4.323633733391209e+76,1.3084182027690921e+48,8500000000,47575441774477312,1,138,21719047
0,45746,8500000000,1000000000,9.175510568426712e+47,0.0,47575441774477312,1.038846894780288e+77,3.0948123330838476e+76,1,2.8034542822856642e+76,3.031625176943062e+47,8500000000,47575441774477312,1,138,21719048
0,45758,8500000000,1000000000,9.175510568426712e+47,0.0,47575441774477312,1.053358239944043e+77,3.871941517898913e+76,1,1.7794934609084528e+76,9.350296192646177e+47,8500000000,47575441774477312,1,138,21719048
5010,38466,9098306256,3640000,6.229293938197969e+47,0.0,49143195216379904,6.649520531251782e+76,4.9492181856538666e+76,0,8.223379121101668e+76,1.3408753282680862e+48,9098306256,49143195216379904,1,74,21719047
208,21000,102000000000,2000000000,8.637673027070726e+47,1.8172002130322198e+17,0,1.0521807293869169e+77,2.472452719425053e+75,38,7.03428369980948e+76,2.8081675490352483e+47,4675455553,0,0,2,21719049
2122568,500000,102000000000,2000000000,5.673858271759958e+47,5.985288e+16,0,1.9934888793067714e+76,4.306983262299944e+76,0,6.473081660112947e+76,2.1863303542864414e+47,10000000000,0,0,2,21719048
2093425,2000000,11000000000,1000000000,9.694998569662468e+47,0.0,7350924389384192,8.010249226093859e+76,5.0978111510415143e+76,1,4.650536627744873e+75,6.8616679292443975e+47,11000000000,7350924389384192,1,5322,21719049
2093426,2000000,11000000000,1000000000,9.694998569662468e+47,0.0,56916265146515456,1.3982942550896268e+76,1.4986310211734035e+76,1,5.665956002086608e+76,6.8616679292443975e+47,11000000000,56916265146515456,1,4426,21719048
4,21000,4957537760,100000000,1.2053172719172201e+48,1336303968511709.0,0,5.145028936417309e+76,4.7863917702304465e+76,0,6.249766209256383e+76,1.0012025245302415e+48,4957537760,0,0,2,21719045
1243774,450020,5620669891,4368000,1.3243179512909339e+47,0.0,58479885739360256,3.6425623931128726e+76,4.5315747180903885e+76,1,6.178125788812385e+76,1.3314107587147167e+48,5620669891,58479885739360256,1,842,21719046
539,76837,102000000000,2000000000,1.2488751460129641e+48,0.0,47575441774477312,8.873235567768045e+76,2.813517738604508e+76,37,1.1564897414169104e+77,9.193476730952954e+46,5461167753,47575441774477312,1,138,21719046
548861,63000,9098306256,3640000,9.080546206238207e+47,4.72305575409883e+16,0,6.227882869526919e+76,4.07694212059656e+76,0,4.6336335573235825e+76,1.2216315377322031e+48,9098306256,0,0,2,21719045
1399,286859,7371537257,2000000000,3.6415115333949545e+47,1.4e+17,15080172617203712,7.696253748095136e+76,4.60701091484813e+76,1,6.765735789681309e+76,1.19511501079643e+48,7371537257,15080172617203712,1,1932,21719046
721468,21000,15030000000,5010000000,1.455792646560079e+48,0.0,0,3.96511058157115e+76,5.299675691043532e+76,1,7.406023587467627e+76,4.585248035090274e+47,15030000000,0,0,2,21719047
74,207688,7390988655,970000000,8.314342181317129e+30,5e+16,65210570663526400,4.374304918672256e+76,1.0108168264588942e+76,1,4.8683723692526165e+76,4.048191221012484e+47,7390988655,65210570663526400,1,3226,21719048
785621,96423,102000000000,2000000000,6.179956683020708e+47,0.0,47575441774477312,5.0641686758042013e+76,1.3933314954627382e+76,37,1.1041357801447861e+77,8.57835992170054e+47,8192640701,47575441774477312,1,138,21719046
126096,1000000,8192640701,8192640701,7.240656322464713e+47,0.0,36311354646200320,2.107496542491826e+76,4.6338917006165393e+76,0,1.2904399250144932e+76,4.891603455875396e+47,8192640701,36311354646200320,1,586,21719048
1450266,25394,6496414509,760974113,5.573127435433812e+47,1.57590661157626e+16,0,2.28871175413132e+76,3.618194239189534e+76,0,6.615109453892313e+76,5.509431790650889e+47,6496414509,0,0,2,21719047
45,21000,102000000000,2000000000,1.1637089135622332e+48,1.3773002621934916e+16,0,4.0008994064094744e+76,8.10076858850432e+75,38,9.795160271640326e+76,1.0001360980347826e+48,6614499816,0,0,2,21719048
0,100000,5688716410,5688716410,1.2488751460129641e+48,0.0,2637349146066944,5.588363186356462e+76,3.768549665558515e+75,0,5.885293865366879e+75,3.2570319463142828e+47,5688716410,2637349146066944,1,138,21719049
1834,350000,7390988655,970000000,7.737253817192762e+47,0.0,67059356096528384,2.6978986406480032e+76,1.4269044424950783e+76,1,5.672484463663434e+76,8.775468168010971e+47,7390988655,67059356096528384,1,522,21719048
82,55333,4957537760,100000000,3.0271609181208593e+47,0.0,2637349146066944,1.0921245474525173e+77,3.894119943300663e+76,0,1.0689966371807894e+77,6.009693631090317e+47,4957537760,2637349146066944,1,138,21719046
1054054,53868,9444420216,100000000,7.165068108271291e+47,0.0,47575441774477312,8.410772650649054e+76,5.2441672939646394e+76,1,5.1159220008621846e+76,1.0144790356769646e+48,9444420216,47575441774477312,1,138,21719047
82,336207,5506677484,166869014,1.426538935226535e+48,4.1100000000000005e+18,51503180139200512,2.3368314349795814e+76,2.8419457635961995e+76,1,3.77253673855572e+76,1.1681161165747562e+48,5506677484,51503180139200512,1,458,21719047
155,21000,102000000000,2000000000,2.233030658049436e+47,2.352e+16,0,6.85216690171854e+76,4.319774006209162e+76,38,4.719568352721429e+76,1.3415883924554154e+48,4837747616,0,0,2,21719048
35,264044,7722460168,2193912994,3.6415115333949545e+47,333261076525623.0,15080172617203712,3.635394604979081e+76,5.502644981519189e+76,0,9.792306573954618e+76,5.494096368026416e+47,7722460168,15080172617203712,1,2188,21719046
31,262878,9260000000,79000000,3.6415115333949545e+47,1.519966416138338e+18,15080172617203712,8.200016950250421e+76,3.247878007627867e+76,0,1.0258139807545567e+77,2.4759347215532726e+46,9260000000,15080172617203712,1,1932,21719046
785622,77848,102000000000,2000000000,5.848372814386272e+47,0.0,47575441774477312,1.1400494796722073e+75,2.3448256646164683e+76,38,6.819704595661353e+76,8.57835992170054e+47,8192640701,47575441774477312,1,138,21719045
179,21000,22000000000,2000000000,7.969346924781676e+47,5.611634797962179e+17,0,5.266229697016991e+76,2.1136989558415853e+76,0,8.368694651573623e+76,1.028009879428269e+48,22000000000,0,0,2,21719045
4,84000,6117926545,6117926545,1.2488751460129641e+48,0.0,47575441774477312,1.1437600916713433e+77,6.566735917796869e+75,0,7.863842335178087e+76,9.61945983198702e+47,6117926545,47575441774477312,1,138,21719046
10712880,207128,102000000000,2000000000,3.64808891544337e+47,1.00311124e+18,0,2.867835322749858e+76,2.0216371923672904e+76,0,1.0253903092172181e+77,1.2778585931709738e+48,102000000000,0,0,2,21719047
106790,21000,10085560745,829157100,3.308509702057865e+47,3000000000000000.0,0,1.4260747446730826e+76,2.950714028193594e+76,1,1.5011896296057595e+76,5.09892870221186e+47,10085560745,0,0,2,21719047
2,42165,24200000000,2000000000,5.098322185193204e+47,0.0,47575441774477312,5.1411098436118616e+76,2.714241093587624e+76,0,5.4410281493653746e+76,1.3197871185429754e+48,24200000000,47575441774477312,1,138,21719045
92448,300000,999000000000,2001000000,1.2488751460129641e+48,0.0,47575441774477312,6.93544715358026e+76,1.609827457093824e+76,1,1.017822028533531e+77,1.3760570513467189e+48,999000000000,47575441774477312,1,138,21719049
1,100000,5688716410,5688716410,1.2488751460129641e+48,0.0,2637349146066944,4.1850415822096324e+76,1.8182844583447005e+76,0,9.685472100674728e+76,3.2570319463142828e+47,5688716410,2637349146066944,1,138,21719048
118,229781,9350000000,6000000,1.0387397157469113e+47,2.06e+17,13726892947406848,6.744730643044126e+76,1.4418569664378892e+76,0,8.774281356834376e+76,1.2557906003682167e+48,9350000000,13726892947406848,1,3146,21719049
355,45770,8500000000,1000000000,9.175510568426712e+47,0.0,47575441774477312,1.152045181256014e+77,4.5147788283670054e+76,1,5.3598463340541886e+76,4.566545841406395e+47,8500000000,47575441774477312,1,138,21719048
3,45758,8500000000,1000000000,9.175510568426712e+47,0.0,47575441774477312,7.736738248803524e+76,4.6362698881156635e+76,0,4.335154323677179e+76,1.2449417833062086e+48,8500000000,47575441774477312,1,138,21719047
8,145000,7655731235,2000000000,1.8156834193587026e+47,0.0,47575441774477312,2.924797601069687e+76,3.974154144046602e+76,1,3.1239766713075414e+76,6.0263568313247116e+47,7655731235,47575441774477312,1,138,21719048
76965,376250,9194666256,100000000,9.30518966260788e+47,1.3316779374544824e+16,69562954927833088,9.472048773469087e+76,2.4355075756944e+76,1,7.774615605391902e+76,2.1412432133594682e+47,9194666256,69562954927833088,1,4682,21719046
177691,22000,102000000000,2000000000,5.717122355106623e+46,2000000000000000.0,0,1.5869488972865834e+76,3.302746410345904e+76,37,8.321890046758846e+76,3.9704612852031505e+47,5000000000,0,0,2,21719048
5422112,90000,200000000000,2000000000,1.284304991053316e+48,0.0,47575441774477312,9.893420215600206e+76,4.311524438370226e+76,0,9.555520715868135e+76,1.4193416962342289e+48,200000000000,47575441774477312,1,138,21719045
6149,300000,102000000000,2000000000,7.58740258275923e+47,0.0,640447485170335,1.4261191900947572e+76,1.3127445288675447e+75,37,7.530461735263119e+76,1.3411281736221354e+48,5152280733,640447485170335,1,516,21719045
5422113,90000,200000000000,2000000000,6.369251641468718e+47,3391590000000000.0,0,1.1590456326243792e+76,3.280585376676016e+75,0,5.6852319959384823e+76,1.4193416962342289e+48,200000000000,0,0,2,21719049
10667651,21000,11000000000,1000000000,8.277296455567648e+44,920770000000000.0,0,4.714778831351911e+75,3.25981248671383e+76,0,3.385654237512964e+76,1.038152369971994e+48,11000000000,0,0,2,21719047
0,21000,6680251576,2000000000,8.795604290556242e+47,1.0248764716904e+16,0,2.4059914333664893e+76,2.9500007372873045e+76,1,1.0575316061490804e+77,3.945750350181268e+46,6680251576,0,0,2,21719048
1247675,100000,5688716410,5688716410,1.2488751460129641e+48,0.0,10054427658420224,9.848765220651624e+76,4.2232792914384873e+76,1,1.0841355042578813e+77,1.1492629102571073e+48,5688716410,10054427658420224,1,202,21719047
23,21000,4951084890,100000000,8.279961917449056e+47,3302781178940003.0,0,6.429339030319912e+76,1.8882262541694145e+76,0,3.709142867889901e+76,9.781277948608577e+47,4951084890,0,0,2,21719045
2,68425,4687251553,7000000,3.3862569416114455e+47,0.0,47575441774477312,7.438397271964923e+76,5.233506086862573e+76,0,2.3001939703275157e+76,8.18871778617655e+47,4687251553,47575441774477312,1,138,21719048
89295,153428,10430940888,1087309782,1.1267868255561673e+48,0.0,16064217421447168,3.0832465494739977e+76,1.8429557497362393e+76,0,1.1378117685750689e+77,4.9987845315461525e+47,10430940888,16064217421447168,1,714,21719047
0,23100,9100000000,5900000,1.2590340107198833e+48,3.463039919405617e+16,0,7.130156095485732e+76,1.7480696429705754e+76,1,7.890936917528345e+76,7.876637135320784e+47,9100000000,0,0,2,21719049
213583,90000,500000000000,850080658,1.5905214999327327e+47,1.65e+17,0,1.7111566709994875e+76,7.77635344907379e+75,0,1.1391893720058542e+77,1.399217050241532e+48,500000000000,0,0,2,21719049
1,21000,7650696241,970000000,7.769105283193581e+47,4.023e+16,0,1.1125625898039504e+77,4.517977868981506e+76,1,2.23631088397323e+76,9.022607350963351e+47,7650696241,0,0,2,21719045
0,68499,102000000000,2000000000,9.175510568426712e+47,0.0,47575441774477312,3.8251536912016687e+76,4.3828096919160316e+76,38,3.666653897927805e+76,4.892242463843346e+47,5000000000,47575441774477312,1,138,21719045
81238,1200000,10980403712,2000000000,6.050585032332702e+46,0.0,24748895015796736,2.6008715710508848e+76,3.8541402410042284e+76,1,1.054051552403459e+77,9.277196017258677e+47,10980403712,24748895015796736,1,1098,21719049
2122569,500000,102000000000,2000000000,9.633295757988163e+47,1.2460485e+17,0,7.764945713202465e+76,2.166754209248699e+76,0,5.1434147941246115e+76,2.1863303542864414e+47,10000000000,0,0,2,21719049
1247676,100000,5688716410,5688716410,1.2488751460129641e+48,0.0,10054427658420224,3.697722952406851e+75,4.183641892624735e+76,0,1.0420710980418303e+77,1.1492629102571073e+48,5688716410,10054427658420224,1,202,21719047
1450267,35361,6496414509,760974113,4.6405764116225726e+47,0.0,47575441774477312,1.061897234858509e+77,3.484797280645048e+76,0,4.796543714198043e+75,5.509431790650889e+47,6496414509,47575441774477312,1,138,21719048
0,22000,102000000000,2000000000,1.345370618834235e+48,2.2759e+17,0,1.5386175644711936e+76,4.415006174327962e+76,38,2.797569474627074e+76,1.7170672531515805e+47,5000000000,0,0,2,21719048
2122570,500000,102000000000,2000000000,9.502743612828107e+47,6548640000000000.0,0,7.361948691265813e+76,2.1108264299258196e+76,0,1.1448970498664495e+77,2.1863303542864414e+47,10000000000,0,0,2,21719049
7337303,207128,102000000000,2000000000,5.675714241093825e+47,7.971779e+16,0,8.823832757390645e+76,5.389576888932078e+75,0,2.175676632258654e+76,8.597151237809698e+47,102000000000,0,0,2,21719047
16,84000,5244116885,5244116885,1.2488751460129641e+48,0.0,47575441774477312,2.3144549754738252e+76,4.334589700090566e+76,0,5.107518392565711e+76,3.516420532325328e+47,5244116885,47575441774477312,1,138,21719048
1362842,95000,100000000000,1000000000,1.2488751460129641e+48,0.0,47575441774477312,1.0805113483826014e+77,1.735070955071594e+76,1,6.410357029551861e+76,6.672104525167532e+47,100000000000,47575441774477312,1,138,21719048
169,54549,6389484469,932684716,9.109285279684003e+47,0.0,47575441774477312,3.542409396036337e+76,3.3287715447539204e+76,0,3.628407214674231e+76,6.136279476040349e+47,6389484469,47575441774477312,1,138,21719045
2122571,500000,102000000000,2000000000,2.4532901293174686e+47,1.449093e+16,0,9.538014393638652e+76,4.678764509234326e+76,1,4.117264353585676e+76,2.1863303542864414e+47,10000000000,0,0,2,21719045
7880930,79504,102000000000,2000000000,3.936876531253351e+47,0.0,47575441774477312,6.372790323582428e+76,2.1528638806334383e+76,37,2.3071483087673828e+76,6.731394001484957e+47,7638352317,47575441774477312,1,138,21719049
785623,50000,102000000000,2000000000,3.2420306983458192e+47,3.0585e+16,0,5.82588776280556e+76,5.679394451296257e+76,38,4.0279135717058e+76,8.57835992170054e+47,7603872346,0,0,2,21719048
2,21000,7117727667,970000000,8.95662156993053e+47,2.6074112257376204e+16,0,5.387023127912878e+76,5.6093667666843744e+76,0,1.1481967972874523e+77,5.330392999626596e+47,7117727667,0,0,2,21719047
7,65161,5432789666,760974113,4.2646989662402403e+46,0.0,29966167246372864,1.0081625984531049e+76,5.121619144059099e+76,1,3.8069762928952556e+76,1.1571389248191369e+48,5432789666,29966167246372864,1,1098,21719047
10667652,21000,11000000000,1000000000,8.192441141799572e+47,1.46429e+17,0,7.882322606817876e+76,2.9395864504360953e+75,1,9.887905492483391e+76,1.038152369971994e+48,11000000000,0,0,2,21719047
25440,150000,6496414509,760974113,1.2327782300405064e+48,0.0,47575441774477312,2.664528791049305e+76,3.4056024708583342e+75,0,7.108356211738992e+76,7.488108955810785e+47,6496414509,47575441774477312,1,138,21719049
309,80000,102000000000,2000000000,1.2488751460129641e+48,0.0,47575441774477312,9.380848567560355e+76,2.287835730089297e+75,28,3.6763591233586145e+76,5.369659041606293e+47,4493841856,47575441774477312,1,138,21719049
44,21000,102000000000,2000000000,8.637673027070726e+47,2.0921883607438778e+17,0,6.571948053019851e+76,5.7503842098382096e+76,38,7.435147900411326e+76,3.0705106316441403e+47,4550973128,0,0,2,21719048
29,21000,102000000000,2000000000,8.637673027070726e+47,1.4038909321024e+16,0,3.7556614923763304e+76,3.463600877793569e+76,38,9.940277938854493e+76,4.689582938290935e+47,4493841856,0,0,2,21719048
148,21000,102000000000,2000000000,1.4234308348023232e+48,150000000000000.0,0,6.828733534673262e+76,1.579171266679888e+76,37,1.1249504261978168e+77,1.3832845377939764e+48,4494291240,0,0,2,21719045
6,21000,102000000000,2000000000,1.1095935898410698e+48,4.7e+16,0,8.255481454909361e+76,1.7470496135950554e+76,38,3.6834453304708446e+76,5.178951020419631e+47,4550973128,0,0,2,21719045
0,21000,102000000000,2000000000,1.1978706691755742e+48,4.0903991134061e+16,0,9.529070126476113e+76,1.142723955749498e+76,38,1.0934860671311931e+77,1.3150416981064346e+48,4571850759,0,0,2,21719045
28,53073,102000000000,2000000000,1.0232830721165563e+48,0.0,47575441774477312,8.427297373338302e+76,5.419953372763208e+76,37,8.625388102692641e+76,7.153042126598481e+47,4493841856,47575441774477312,1,138,21719045
1,21000,102000000000,2000000000,1.6110610442521756e+47,1782785418247195.0,0,5.6355192486444695e+76,6.099738838937971e+75,38,1.4574809531140147e+76,3.416471281093513e+47,4493841856,0,0,2,21719046
2,21000,4490000000,100000000,2.442278144663821e+47,1.616646131552527e+18,0,6.314565085848986e+76,3.844711595075755e+75,1,1.0262883254604959e+77,8.554021466313185e+47,4490000000,0,0,2,21719049
29,156448,7650696241,970000000,4.472698890061276e+47,0.0,1316084013,1.9637112645431686e+76,4.127260638344453e+76,1,6.572206623844301e+76,7.385738586289053e+46,7650696241,1316084013,1,10,21719048
5422114,90000,200000000000,2000000000,5.0170166910233045e+47,0.0,47575441774477312,2.929984356711638e+76,5.7042190912119124e+76,1,3.3642929929283506e+76,1.4193416962342289e+48,200000000000,47575441774477312,1,138,21719049
11,70512,102000000000,2000000000,9.175510568426712e+47,0.0,2637349146066944,1.0928778376359614e+77,4.2081422634041606e+76,38,5.127037235219603e+75,7.360095399147971e+47,40000000000,2637349146066944,1,138,21719045
1782,143190,22000000000,2000000000,8.314342181317129e+30,6.49e+16,65210570663526400,4.423866302002105e+76,2.2047111813838144e+76,0,9.795151039378364e+76,1.057512348361834e+48,22000000000,65210570663526400,1,2842,21719048
84957,21596,10284911696,1000000000,9.975247145949065e+47,0.0,58139122111348736,3.421017528002166e+76,3.7070595059578525e+76,0,8.398096378274963e+76,9.55858882796949e+47,10284911696,58139122111348736,1,84,21719045
88129,298094,4591992317,4591992317,1.1164267369854508e+48,4650360000000000.0,20420360017018880,9.590241743182347e+76,2.7575392028637226e+76,0,4.9571941591513656e+76,1.27776879247872e+48,4591992317,20420360017018880,1,2634,21719046
126095,1000000,5510390780,5510390780,7.240656322464713e+47,0.0,36311354646200320,1.1569068751132686e+77,2.5842142859236206e+76,0,8.688720696381648e+76,4.891603455875396e+47,5510390780,36311354646200320,1,586,21719049
52,793804,102000000000,2000000000,2.923505072294528e+47,0.0,63609902555201536,4.9237685244026955e+76,5.6091630059349076e+76,38,6.520890646691236e+76,1.2725369843286538e+48,5575315018,63609902555201536,1,3018,21719045
5,51359,4815950799,100000000,9.632383005597673e+47,0.0,2637349146066944,1.1463167293390096e+77,2.975708898341683e+76,1,8.568634517796544e+76,3.7734256207739655e+46,4815950799,2637349146066944,1,138,21719049
0,100000,5807619810,5807619810,9.175510568426712e+47,0.0,2637349146066944,1.0731376186011e+77,5.316222337035791e+75,0,5.111177997063285e+76,1.43676400547065e+48,5807619810,2637349146066944,1,138,21719045
419,51359,4856949410,100000000,5.979259612940079e+47,0.0,2637349146066944,9.651015503529663e+76,3.111632751885265e+76,1,1.003702923553137e+77,7.628785304676637e+47,4856949410,2637349146066944,1,138,21719046
8,46225,8500000000,1000000000,1.2488751460129641e+48,0.0,47575441774477312,3.544738099886891e+76,3.5059759282475073e+76,1,9.812453109193637e+76,1.0265891700661658e+48,8500000000,47575441774477312,1,138,21719047
0,293025,7419991174,2000000000,3.6415115333949545e+47,365802.0,15080172617203712,3.2202621014983804e+76,1.2173184445364562e+76,1,8.441545571134565e+76,1.0836186380201138e+48,7419991174,15080172617203712,1,2188,21719049
753379,222415,67424558480,2100000000,1.6144820137849087e+47,0.0,17551093978365952,1.0557533280981386e+77,7.272665255589731e+74,1,8.090326126964068e+76,1.105898529572241e+48,67424558480,17551093978365952,1,330,21719049
15976,500000,102000000000,2000000000,6.112115640444503e+47,0.0,47575441774477312,9.433325212786117e+76,1.3567170744696434e+76,38,5.6697106634003276e+76,1.3884771976248948e+48,5500000000,47575441774477312,1,138,21719049
1243772,343476,5469014815,4368000,1.0970785452721145e+48,0.0,2415549485154304,1.0210777319901215e+77,3.06402512609294e+76,0,9.779942030376366e+75,1.3314107587147167e+48,5469014815,2415549485154304,1,394,21719047
755062,84000,5935979763,50000000,1.2488751460129641e+48,0.0,47575441774477312,8.653304201051466e+76,1.5662783582706037e+76,1,8.228832113766821e+76,4.373388883731855e+47,5935979763,47575441774477312,1,138,21719048
6,125239,102000000000,2000000000,9.374962377742331e+47,0.0,1316084013,4.7320906891638825e+76,3.788213665820354e+76,37,4.170476102674198e+76,8.477421748953173e+47,6969143772,1316084013,1,10,21719045
497872,84000,9490000000,74000000,9.175510568426712e+47,0.0,47575441774477312,7.765807853120959e+76,5.479499872781865e+76,1,2.5325759732026818e+76,2.608707029200957e+47,9490000000,47575441774477312,1,138,21719048
91256,168206,10546934574,1150000000,1.0035630956568914e+48,0.0,12842519301718016,6.918782770508007e+76,3.645888223583893e+76,1,8.87211262385978e+75,3.7638119528493315e+47,10546934574,12842519301718016,1,138,21719045
2028316,175190,10546934574,1150000000,1.2065957958212887e+47,0.0,12842519301718016,6.642111710539823e+76,4.0432702948588643e+76,1,1.1289339843426695e+77,4.230644097001143e+45,10546934574,12842519301718016,1,138,21719049
2,21000,5015070300,100000000,9.594497640922027e+47,9.6354295461882e+16,0,4.180010223590188e+76,2.288637680014396e+76,0,1.4972634331946442e+76,2.7394401222414256e+47,5015070300,0,0,2,21719049
4463,314549,7419991174,2000000000,3.6415115333949545e+47,0.0,15080172617203712,4.5675337483475264e+76,1.0021040059339585e+76,0,7.264032388953237e+76,7.013172667178696e+45,7419991174,15080172617203712,1,2252,21719049
9,612744,102000000000,2000000000,2.923505072294528e+47,0.0,63609902555201536,1.1042042464322641e+77,2.677871270541101e+76,37,2.5880257690470492e+76,9.296200043288799e+47,5510390781,63609902555201536,1,2826,21719049
253918,43349,5920979763,35000000,8.077751944871162e+47,3.2316958e+17,0,4.2893617464966226e+76,2.9017403823442895e+76,0,3.888245112025013e+75,1.2011918038706134e+48,5920979763,0,0,2,21719045
11208,159403,5935979763,50000000,6.0235014078368855e+47,0.0,47575441774477312,2.057305036155058e+76,3.417319945807167e+76,0,5.943798097460968e+76,8.851672614528475e+47,5935979763,47575441774477312,1,138,21719045
2,100000,5739990397,5739990397,9.175510568426712e+47,0.0,2637349146066944,9.238882680973957e+76,1.1451828638742518e+76,0,5.84568971089811e+76,9.562243571940517e+47,5739990397,2637349146066944,1,138,21719045
536,55774,102000000000,2000000000,1.2488751460129641e+48,0.0,47575441774477312,2.856122943632084e+76,2.9273300971940355e+76,38,1.0623772850988063e+77,9.193476730952954e+46,5510390780,47575441774477312,1,138,21719048
1,21000,22000000000,2000000000,1.5797917592383926e+47,2.272746e+16,0,8.001052388878095e+76,3.9103139336281584e+76,0,8.45864517271777e+76,1.0751559168821145e+48,22000000000,0,0,2,21719045
0,21000,45000000000,45000000000,9.325087599347054e+47,5230430973487000.0,0,1.1498938920625991e+77,5.651851637753142e+76,0,4.18084741154582e+76,1.3507170156683675e+47,45000000000,0,0,2,21719047
110,79468,7608711863,970000000,9.700082782768309e+47,0.0,47575441774477312,8.289232571153135e+76,7.266182618974253e+75,1,1.737200071113422e+76,3.5780198843147483e+47,7608711863,47575441774477312,1,138,21719048
653709,105000,102000000000,2000000000,7.30954640723154e+47,3.39669208152061e+16,0,5.6469418668449974e+76,4.255412752783208e+76,38,3.141454109669359e+76,6.878337532285765e+47,4591992317,0,0,2,21719048
3,26536,4812554629,100000000,1.990087680625492e+47,0.0,1316084013,9.585197478714341e+76,2.3033224766776447e+76,0,8.324180879837924e+76,6.610268654668243e+47,4812554629,1316084013,1,10,21719049
1,254319,7476647349,757839128,8.105266587877509e+46,0.0,54341952698580992,6.634934216037689e+76,5.3515078164130744e+76,1,9.80567403397532e+75,5.693140767986016e+47,7476647349,54341952698580992,1,650,21719048
6452,80000,22000000000,2000000000,1.2488751460129641e+48,0.0,47575441774477312,9.656158529855047e+76,9.7041385617596e+74,1,1.0014737451834733e+77,6.783317267137752e+46,22000000000,47575441774477312,1,138,21719048
6,249187,4814508285,100000000,6.480394233428847e+32,0.0,9591847567491072,1.0771332348955942e+77,4.88165060425917e+76,1,1.0856538152420461e+77,3.7734256207739655e+46,4814508285,9591847567491072,1,3658,21719046
109,309013,7483900970,2000000000,3.6415115333949545e+47,0.0,15080172617203712,8.822610660384558e+76,8.432496651799712e+75,0,1.0293243118013574e+77,5.452128335614699e+47,7483900970,15080172617203712,1,1740,21719049
3,100000,5739990397,5739990397,9.175510568426712e+47,0.0,2637349146066944,1.0533088052607022e+77,8.215430007301694e+75,0,1.0945618517118189e+77,9.562243571940517e+47,5739990397,2637349146066944,1,138,21719045
8,55397,4856949410,100000000,1.9297606669035393e+47,0.0,2637349146066944,8.436953795248962e+76,7.865107185100616e+75,1,1.1462168253761064e+77,1.6867325878657729e+47,4856949410,2637349146066944,1,138,21719049
0,21000,5168796356,5168796356,1.0428615666535162e+48,1.486069262016314e+18,0,1.0891728140622625e+77,3.713339240941376e+76,1,3.600083826383833e+76,9.74518622049515e+47,5168796356,0,0,2,21719045
1586945,21000,6646953876,760974113,7.140091811360802e+47,1.176822736152247e+17,0,6.805392595779106e+76,2.56486448279112e+76,0,8.074870583911108e+76,1.1860645723226342e+48,6646953876,0,0,2,21719045
2,52117,7249055864,892197720,1.2697778349633026e+48,0.0,47575441774477312,3.243519775908446e+76,4.7745347703178285e+76,1,6.114305184615306e+76,2.386640921625624e+47,7249055864,47575441774477312,1,138,21719048
140021,50000,999000000000,2001000000,9.390809574400171e+47,7.504044e+16,0,2.5975195973255143e+76,2.3592439981456357e+76,1,5.489991981061251e+76,7.677695395682688e+47,999000000000,0,0,2,21719049
676,35874,6721177838,892197720,7.766070126719728e+47,0.0,2637349146066944,1.662779009002254e+74,4.11730326884155e+76,0,1.0403135306876661e+77,6.1363915591600055e+47,6721177838,2637349146066944,1,138,21719047
3857997,105000,102000000000,2000000000,2.229174951904675e+47,5.9812e+16,0,2.6222146642011343e+76,4.9784834642140346e+76,38,4.598038721182415e+76,8.637673027070726e+47,4591992317,0,0,2,21719048
6,213988,9290000000,6200000,6.480394233428847e+32,2833762071039266.0,9591847567491072,8.435466985770526e+76,4.0583304778680334e+75,1,1.0845387498217172e+77,9.360635091653051e+47,9290000000,9591847567491072,1,3338,21719049
2122562,500000,102000000000,2000000000,8.826680438903002e+46,4.813837e+16,0,6.920073507898984e+76,3.658615613995466e+76,0,1.4937162851809854e+76,2.1863303542864414e+47,10000000000,0,0,2,21719049
659,21000,5229862809,7100000,6.742840582567622e+47,1575000000000000.0,0,2.5662553369321328e+76,3.062983950578682e+76,1,2.9315059129609606e+76,9.230375968048263e+47,5229862809,0,0,2,21719045
4,100000,5739990397,5739990397,9.175510568426712e+47,0.0,2637349146066944,6.756052227401649e+76,1.8161780350157928e+76,1,9.294403306421681e+76,9.562243571940517e+47,5739990397,2637349146066944,1,138,21719045
0,192022,7506022781,2000000000,2.8453619105095324e+47,7330000000000000.0,12496046789754880,3.3623289997454156e+76,4.396369719335424e+76,0,7.768594388172196e+76,3.788993883656405e+47,7506022781,12496046789754880,1,138,21719048
13,21000,22000000000,2000000000,5.507339839080133e+47,5902960900000000.0,0,6.293150978670946e+76,1.643941746823611e+76,1,2.7372944369344005e+76,4.36920916215528e+46,22000000000,0,0,2,21719049
1833,500000,7608711863,970000000,6.051543392811164e+47,2.83000818347578e+17,64153022913052672,9.930564341879552e+76,4.976482201624682e+76,0,1.1411041528562812e+77,8.775468168010971e+47,7608711863,64153022913052672,1,2634,21719046
293330,210005,102000000000,2000000000,3.943116140104069e+47,6379960000000000.0,49062451206946816,6.342754229743552e+76,1.5374364301764444e+76,38,2.739041027062944e+75,1.1040060460601516e+48,6611587238,49062451206946816,1,202,21719049
755063,84000,5935979763,50000000,9.175510568426712e+47,0.0,47575441774477312,9.777445606823206e+76,1.9825149701775372e+76,0,1.4578025718316403e+76,4.373388883731855e+47,5935979763,47575441774477312,1,138,21719048
0,21000,6553872346,2000000000,8.795604290556242e+47,3.134689653810444e+16,0,1.1494334418714498e+77,5.1365451744666676e+76,0,1.1939959145780217e+76,5.2318248315467234e+47,6553872346,0,0,2,21719045
1377802,21000,6646953876,760974113,2.376951433124025e+46,8900000000000000.0,0,5.5097769267791816e+76,3.785933721244104e+75,0,5.036684589675772e+75,7.426712014401832e+47,6646953876,0,0,2,21719049
11200102,207128,102000000000,2000000000,1.3738139627311752e+48,3482820000000000.0,0,1.1460910939915827e+76,1.0179737135182894e+76,0,4.926627632874988e+76,1.920344070702961e+47,102000000000,0,0,2,21719046
10712875,220436,102000000000,2000000000,1.2488751460129641e+48,0.0,47575441774477312,7.344855893292058e+75,1.059056846163492e+76,0,1.012758148027308e+77,1.2778585931709738e+48,102000000000,47575441774477312,1,138,21719046
17697,100000,102000000000,2000000000,7.382000545300875e+47,0.0,47575441774477312,1.1272263993074996e+77,6.951147356988482e+75,38,9.910019834201474e+76,1.1465662903524754e+48,5280791164,47575441774477312,1,138,21719049
7536481,220436,102000000000,2000000000,1.2488751460129641e+48,0.0,47575441774477312,2.5383931856040346e+76,2.129820985681013e+75,0,4.934454905092946e+76,4.962776022318887e+47,102000000000,47575441774477312,1,138,21719046
7337300,207128,102000000000,2000000000,6.132381580129788e+46,5917600000000000.0,0,1.2444799583951541e+76,7.290539419097499e+75,0,1.9899383692480007e+76,8.597151237809698e+47,102000000000,0,0,2,21719046
18,21000,7608711863,970000000,5.5844090381316344e+47,8680000000000000.0,0,6.912331565890556e+76,5.63009784042744e+76,0,6.908217046638118e+76,3.996316422556162e+47,7608711863,0,0,2,21719045
11200103,207128,102000000000,2000000000,1.0965199098246445e+48,0.0,47575441774477312,8.308562712312589e+76,4.414712394856697e+76,0,5.45549357255739e+76,1.920344070702961e+47,102000000000,47575441774477312,1,138,21719045
370613,300000,102000000000,2000000000,1.0420126036665437e+48,0.0,61303189504262144,7.115353607062269e+75,2.8914101424940478e+76,37,1.3746998308383304e+76,9.33234128846579e+47,5308292671,61303189504262144,1,202,21719045
5422109,90000,200000000000,2000000000,4.161818726801927e+47,1918260000000000.0,0,4.321260224020345e+76,5.1417871426365455e+76,1,6.283781398656578e+76,1.4193416962342289e+48,200000000000,0,0,2,21719045
30919,8000000,5372861712,784509395,9.703889790356068e+47,0.0,50063399979057484,3.9387408355909916e+76,4.9724385846632235e+76,1,1.125117377652646e+76,1.440509849989513e+48,5372861712,50063399979057484,1,2122,21719049
97,21000,4916251681,100000000,1.7491204713432399e+47,787001257628010.0,0,9.52137107673261e+76,3.339968033821973e+75,0,9.11792178336457e+76,7.649368973930648e+47,4916251681,0,0,2,21719049
2489,276785,19614070385,1789373658,1.0880002520274193e+48,0.0,22391249541529600,9.68505123778656e+76,1.5060640818302062e+76,1,8.334821419928166e+76,4.97165358776164e+47,19614070385,22391249541529600,1,1162,21719046
1247674,100000,5739990397,5739990397,9.175510568426712e+47,0.0,10054427658420224,3.73407470763707e+76,3.96937616527761e+76,0,7.550543470264762e+76,1.1492629102571073e+48,5739990397,10054427658420224,1,202,21719045
545,368539,7419991174,2000000000,3.6415115333949545e+47,0.0,15080172617203712,4.5998706250295595e+76,4.845357768689093e+76,0,3.759841292035636e+76,5.841498955561645e+47,7419991174,15080172617203712,1,2572,21719046
1,49927,4677352317,89000000,1.2488751460129641e+48,0.0,47575441774477312,7.225571210981878e+76,3.704084663672227e+76,1,3.84541511154787e+75,1.0612263193264823e+48,4677352317,47575441774477312,1,138,21719045
35,21000,10807133402,5000000000,2.1970430717470183e+47,1.74823050198558e+17,0,1.0692831355866744e+77,1.2806100818801487e+76,0,1.1355368562376384e+77,3.870064256335132e+47,10807133402,0,0,2,21719049
0,21000,10807133402,5000000000,2.1970430717470183e+47,2.9499773050198557e+19,0,2.439720462444648e+76,4.324994676268951e+76,1,4.156483240170372e+76,3.953102063657491e+47,10807133402,0,0,2,21719047
63,33016,102000000000,2000000000,9.3849343595766e+47,482159193200000.0,0,8.615618138279378e+76,2.4636965452213255e+76,27,8.051294192980262e+76,6.7166203666451545e+47,4729752086,0,0,2,21719048
919184,21000,6731918064,799862000,9.76652842068688e+47,6.04087e+16,0,7.037433391803643e+76,8.94502917587389e+75,0,2.5447427742523377e+76,8.575800149283856e+47,6731918064,0,0,2,21719049
8,30000,102000000000,2000000000,5.371123179505827e+47,2.9436899691034e+16,0,1.1527657899986798e+77,2.2871593336378123e+76,37,8.494823003644848e+76,2.958379340140375e+47,4591992317,0,0,2,21719049
334,58138,9110000000,5700000,1.2586188085640468e+48,0.0,2637349146066944,9.555585406168129e+76,3.429364491058054e+75,0,7.577871360017768e+75,3.4425311443844374e+47,9110000000,2637349146066944,1,138,21719049
1028,266157,5556310702,168373051,6.973231634015965e+47,0.0,34087923963920384,1.1556338863276157e+77,4.594893470011628e+76,0,2.1892215874331086e+76,5.789759003473026e+47,5556310702,34087923963920384,1,522,21719046
0,70466,4940039155,100000000,9.175510568426712e+47,0.0,2637349146066944,9.352222239430824e+76,2.1957488527158332e+76,0,8.434863378337024e+76,5.765644082097293e+47,4940039155,2637349146066944,1,138,21719049
320483,80000,11396934574,1000000000,6.229293938197969e+47,2.321360706e+19,0,7.291935210641438e+76,9.07738490620471e+75,0,1.9569148001887807e+76,3.9499090457972735e+47,11396934574,0,0,2,21719049
320484,80000,11396934574,1000000000,8.667464523318183e+47,7.359567e+16,0,8.058992678679485e+76,5.176157615073952e+76,0,4.008405607766718e+76,3.9499090457972735e+47,11396934574,0,0,2,21719045
170,36072,7483900970,2000000000,1.2488751460129641e+48,0.0,2637349146066944,7.362837550898398e+76,1.0553557412546312e+75,0,2.8118932861095034e+75,8.285905254252407e+47,7483900970,2637349146066944,1,138,21719049
335,543101,9110000000,5700000,6.480394233428847e+32,0.0,9591847567491072,7.129867232243464e+76,2.5394003997490782e+76,1,5.520645524150528e+76,3.4425311443844374e+47,9110000000,9591847567491072,1,3402,21719049
33,21000,102000000000,2000000000,6.878337532285765e+47,6365791276393287.0,0,6.913786986758332e+76,4.1365474877080155e+76,37,1.883142494212523e+75,7.968274030497375e+47,4508359487,0,0,2,21719045
10,21000,102000000000,2000000000,6.878337532285765e+47,2.263246734228176e+17,0,7.596323907202379e+76,9.431502629068365e+75,37,8.087381412565604e+76,1.0813367469798496e+48,4508359487,0,0,2,21719048
18,203455,102000000000,2000000000,8.105266587877509e+46,0.0,54341952698580992,1.8094782830540255e+76,1.6796113675803744e+76,38,9.855726465458173e+76,7.41072978934692e+47,4508359487,54341952698580992,1,650,21719049
23,53061,102000000000,2000000000,1.0232830721165563e+48,0.0,47575441774477312,9.246639879749231e+76,3.662771906601567e+76,38,3.544697216936234e+76,5.010667273796418e+47,4508359487,47575441774477312,1,138,21719045
6,21000,102000000000,2000000000,6.878337532285765e+47,9295762096764000.0,0,3.005818384288875e+76,1.061920965899581e+76,37,6.949488889243877e+76,6.925966510472359e+47,4508359487,0,0,2,21719048
0,21000,102000000000,2000000000,6.878337532285765e+47,5899324450773000.0,0,8.61839294754189e+76,7.981875116404993e+75,38,8.905921568194357e+76,4.297678687998519e+47,4508359487,0,0,2,21719048
2,21000,102000000000,2000000000,1.3042699005829914e+48,1916579876322910.0,0,5.971176630204749e+76,1.136555960571128e+76,37,7.713416581494215e+76,4.292479660762558e+47,4508359487,0,0,2,21719048
8,203410,102000000000,2000000000,8.105266587877509e+46,0.0,54341952698580992,1.4720312195725282e+76,5.3321682370235556e+76,38,4.9687985608420643e+76,6.429589962219192e+47,4508359487,54341952698580992,1,650,21719045
2,244330,102000000000,2000000000,5.070999964940587e+47,0.0,17787547983806464,9.094174520840955e+76,1.6065547206396535e+76,38,9.634181228974717e+76,9.827767146035196e+47,4518505252,17787547983806464,1,1162,21719046
0,63483,102000000000,2000000000,1.2488751460129641e+48,0.0,47575441774477312,2.8863571162553554e+76,8.248258126556397e+75,37,9.828109380070384e+76,1.0042758084381206e+48,4537080000,47575441774477312,1,138,21719049
0,21000,102000000000,2000000000,1.0679107769771283e+48,4343870890773001.0,0,9.066065572245223e+76,1.8172263431951974e+76,38,1.0916637406485936e+77,2.373692055778271e+47,4514719487,0,0,2,21719049
253178,21000,6646953876,760974113,6.262227795407839e+47,3.17e+16,0,1.7504612501655234e+76,2.5441383041260126e+76,0,7.428284941639177e+76,9.580160771648455e+47,6646953876,0,0,2,21719047
1,100000,5739990397,5739990397,9.175510568426712e+47,0.0,2637349146066944,1.1491107293351315e+77,4.190349655893901e+76,0,1.0434632595287064e+77,9.447181390464165e+47,5739990397,2637349146066944,1,138,21719045
50488,500000,102000000000,2000000000,5.065345533985312e+47,0.0,47575441774477312,1.0885815089193666e+77,5.603545617898073e+76,38,2.0224744730994728e+76,3.2520810688050766e+47,5500000000,47575441774477312,1,138,21719045
153,27938,4500000000,20000000,1.0970776880180083e+48,3.884e+17,3504541104,1.4627940111036522e+76,5.521869930552651e+76,0,9.386012008356606e+76,7.305452231568509e+47,4500000000,3504541104,1,10,21719047
14,189620,4497319349,100000000,9.743344291921827e+46,1.894362888706361e+17,5253727191564288,5.127318568754751e+76,8.419140521658523e+74,0,7.096509985284737e+76,7.121082189678195e+47,4497319349,5253727191564288,1,1298,21719049
12,21000,7531343814,970000000,1.111660527083203e+48,3.17e+16,0,7.246827030478971e+76,7.427318463272862e+75,1,9.23176651014072e+76,1.2342959700279778e+47,7531343814,0,0,2,21719049
0,100000,5696890433,5696890433,9.175510568426712e+47,0.0,2637349146066944,3.477909392773184e+76,3.617734394318254e+74,0,1.1185073981264207e+77,1.3370589722516451e+48,5696890433,2637349146066944,1,138,21719045
6,56253,6290024412,901782185,9.294334945526482e+47,0.0,47575441774477312,6.790464313530402e+76,5.427325284022052e+76,1,9.97694792065701e+76,1.4059887095322447e+48,6290024412,47575441774477312,1,138,21719047
1303,293337,7000000000,100000000,1.3662260845426068e+48,1000000000000000.0,52125883489583104,8.595959272636975e+76,5.3530167932988756e+76,1,1.0227991496894278e+76,9.914108036056826e+47,7000000000,52125883489583104,1,2442,21719047
2,59533,7531343814,970000000,6.772487577511837e+47,0.0,47575441774477312,2.3236186777281207e+76,5.551484152873376e+76,1,8.313626040053547e+76,8.307435116317061e+47,7531343814,47575441774477312,1,138,21719047
160916,42000,18000000000,10000000,7.809088073509257e+47,1200000000000000.0,0,1.0250485702440081e+77,2.0847900512785806e+76,1,2.8900806784921034e+76,8.412996439431175e+47,18000000000,0,0,2,21719045
919185,21000,6717485656,799862000,9.3983969784422e+47,1.5657037e+17,0,1.0870412842308642e+77,1.7776709300079906e+76,1,7.977162074964113e+76,8.575800149283856e+47,6717485656,0,0,2,21719045
22,31330,7531343814,970000000,1.9626840315900892e+47,0.0,2637349146066944,8.151262669330414e+76,1.0873568008503193e+76,1,3.111647382583653e+76,1.416303848816713e+48,7531343814,2637349146066944,1,138,21719047
119,21000,7482037455,970000000,1.4065474374714673e+47,1.448e+16,0,9.985922746011415e+76,4.830979548538308e+76,1,1.2243422872902651e+76,4.5955537765409454e+47,7482037455,0,0,2,21719045
9,51304,4827322038,100000000,4.023901906446559e+47,0.0,2637349146066944,6.253187072538119e+76,3.912951752575579e+76,0,1.169362395409104e+76,7.110778405972042e+47,4827322038,2637349146066944,1,138,21719047
11200105,207128,102000000000,2000000000,5.057384121088502e+47,8.28e+16,0,5.22760363419978e+76,6.642821186377641e+75,0,4.909896918224675e+75,1.920344070702961e+47,102000000000,0,0,2,21719046
48,21000,5129706369,6600000,7.687253189036066e+47,4.506e+16,0,4.3832083192198065e+76,2.020322133008773e+76,1,4.5608830043118015e+76,4.160829235513568e+47,5129706369,0,0,2,21719049
0,100000,5617302320,5617302320,9.175510568426712e+47,0.0,2637349146066944,3.5331404943577537e+76,1.898912139969624e+76,0,8.396779696079123e+76,9.644324627601888e+47,5617302320,2637349146066944,1,138,21719045
12,68274,7688808221,970000000,9.175510568426712e+47,0.0,47575441774477312,3.884448924903004e+76,5.670365461111035e+76,1,7.347199230367089e+76,5.831255441949446e+46,7688808221,47575441774477312,1,138,21719048
11543586,220436,102000000000,2000000000,1.2488751460129641e+48,0.0,47575441774477312,8.81823344243771e+76,2.0619226541990265e+76,0,2.4259286726340546e+76,2.3279193749198252e+47,102000000000,47575441774477312,1,138,21719045
7132,81828,11480403712,2500000000,4.122980969798561e+47,0.0,2105289244,2.8458793768595633e+76,2.3271171956413486e+76,0,7.659165352931348e+76,1.1323943775394497e+48,11480403712,2105289244,1,10,21719045
7337302,207128,102000000000,2000000000,8.05065880215987e+47,2.88e+16,0,3.3465651758350625e+76,1.021690630854084e+76,0,7.975658572318573e+76,8.597151237809698e+47,102000000000,0,0,2,21719047
4,21000,24200000000,2000000000,1.5797917592383926e+47,1e+18,0,4.225014232569956e+75,1.4516893461625358e+76,0,1.0111423780241464e+77,3.816868133442515e+47,24200000000,0,0,2,21719049
10712878,220436,102000000000,2000000000,1.2488751460129641e+48,0.0,47575441774477312,5.0941103868932284e+76,4.9564474223049175e+76,0,9.43433767623241e+76,1.2778585931709738e+48,102000000000,47575441774477312,1,138,21719046
4730592,207128,102000000000,2000000000,8.18871778617655e+47,2092140000000000.0,0,1.0608306678002048e+77,4.502266138047047e+76,1,7.087652529085165e+76,4.1940215512640395e+47,102000000000,0,0,2,21719045
144,21000,6671815553,2000000000,9.200405590067155e+47,1.3727291873387e+16,0,1.0736290282396501e+77,4.054660599152278e+76,0,1.1316440995638996e+77,3.0867605257219336e+46,6671815553,0,0,2,21719049
293331,348455,102000000000,2000000000,3.943116140104069e+47,3.189978e+16,49062451206946816,6.869616781103633e+76,9.881426408256788e+75,37,2.4377400466372515e+76,1.1040060460601516e+48,6775111479,49062451206946816,1,202,21719049
44575,91000,10160031926,875120230,3.982545640555746e+47,3085060000000000.0,0,7.039785257383927e+76,5.478316312209456e+76,0,9.197670918132615e+76,5.66382817229198e+47,10160031926,0,0,2,21719045
11200106,207128,102000000000,2000000000,1.2684853970278824e+48,0.0,47575441774477312,9.880703721588173e+76,2.0341978838272684e+75,0,9.25364945757458e+76,1.920344070702961e+47,102000000000,47575441774477312,1,138,21719046
11543587,207128,102000000000,2000000000,9.849991478416098e+47,3.412572e+17,0,5.7695348406271086e+76,3.726825860961205e+75,1,4.785399755253439e+76,2.3279193749198252e+47,102000000000,0,0,2,21719046
11405,21000,5140477088,89000000,5.690734114331983e+47,5.039419e+16,0,1.1088335148343124e+76,2.609277363047168e+76,0,9.693084603291326e+76,4.612432303023957e+47,5140477088,0,0,2,21719048
1007,100000,102000000000,2000000000,1.1119130102872854e+48,0.0,2637349146066944,5.0553526250889236e+76,1.9791490448531535e+76,38,2.5279496755204918e+76,1.0946182058773267e+47,6740762784,2637349146066944,1,138,21719049
1011,100000,102000000000,2000000000,1.1119130102872854e+48,0.0,2637349146066944,1.0199028217708449e+77,5.5948434154337377e+76,37,4.29489923537822e+76,6.48764112341623e+47,6740762784,2637349146066944,1,138,21719045
1,205000,12837747616,2000000000,7.2946617405104805e+47,0.0,47575441774477312,2.350090390183659e+76,1.7661330752624586e+75,1,8.747158003701094e+76,6.086247017692775e+47,12837747616,47575441774477312,1,138,21719048
0,204363,6480353972,757839128,1.0563109443567745e+48,0.0,66616208065036288,1.3707835740190702e+76,5.365289102167968e+76,1,5.283321024496712e+75,9.024297115532943e+47,6480353972,66616208065036288,1,1738,21719048
2,50847,5130206369,7100000,1.2488751460129641e+48,0.0,47575441774477312,3.087213686152724e+75,3.8851884909615564e+76,1,3.432470646392103e+76,1.3231939950139004e+48,5130206369,47575441774477312,1,138,21719045
132,21000,24200000000,2000000000,1.0548015573983382e+47,3.149847156606764e+17,0,8.706052423522144e+76,1.3158896712184325e+76,1,8.973688489181644e+76,1.0431454332955316e+48,24200000000,0,0,2,21719049
40,23100,9350000000,6100000,1.4314552535933739e+48,1000000000000000.0,0,9.556781897389212e+76,8.030741403186035e+75,1,3.783081158104295e+76,8.178740124473559e+47,9350000000,0,0,2,21719049
9918,500000,102000000000,2000000000,8.407355048058451e+47,0.0,47575441774477312,3.189662075667184e+76,4.764555966759752e+76,38,2.1584907832930836e+76,1.8314176593935673e+47,5500000000,47575441774477312,1,138,21719049
0,21000,102000000000,2000000000,4.43053527241462e+47,1.476366700747103e+17,0,5.800520291403905e+76,1.5885290153807484e+76,37,4.373550671796635e+76,1.0238761853910392e+48,4718533948,0,0,2,21719045
1054052,1000000,102000000000,2000000000,7.139091077764601e+47,0.0,3763689421275136,2.99904647893705e+76,4.288501600003308e+76,38,5.910923503348518e+76,1.0144790356769646e+48,5499999999,3763689421275136,1,394,21719045
90,139909,8493841856,8493841856,1.0741760671173525e+48,0.0,55310008262328320,4.198174480730583e+76,2.3541008984660025e+76,0,8.084530990509648e+76,6.076534970392352e+47,8493841856,55310008262328320,1,1290,21719048
24972,200000,57072067922,500000000,6.973231634015965e+47,7.629594916374277e+17,36014961671012352,1.8780052526685342e+76,5.545129866150943e+76,0,1.0533555397507425e+76,1.3510522428335397e+48,57072067922,36014961671012352,1,458,21719045
1,21000,6671815553,2000000000,8.795604290556242e+47,8038181873387000.0,0,7.389764081347261e+76,4.1370247400250834e+76,1,7.793269767598569e+74,6.045798879646416e+47,6671815553,0,0,2,21719049
124,70434,5130206369,7100000,1.2488751460129641e+48,0.0,47575441774477312,5.7799162050648704e+76,8.760474688906345e+75,0,3.4827396809159653e+75,8.663936404029014e+47,5130206369,47575441774477312,1,138,21719049
4,21000,24200000000,2000000000,9.479678203684232e+47,1.7330048640765552e+17,0,4.6708934385661915e+76,3.2764750955727835e+76,0,3.0455941103350182e+75,8.51922505440985e+47,24200000000,0,0,2,21719045
0,100000,5617302320,5617302320,9.175510568426712e+47,0.0,2637349146066944,7.28506324917308e+76,4.6531831543700364e+76,1,4.745477290714279e+76,8.927059424022846e+47,5617302320,2637349146066944,1,138,21719045
18,203470,6480353972,757839128,8.105266587877509e+46,0.0,54341952698580992,6.294613390654512e+76,6.20796191365694e+75,1,5.201946773338975e+76,1.2807208770357708e+48,6480353972,54341952698580992,1,650,21719048
1191,22944,9980403712,1000000000,7.612040069644917e+47,0.0,132466050317757,2.994817343109878e+76,9.603185816254435e+75,0,9.533152472773645e+76,9.506008736523629e+47,9980403712,132466050317757,1,254,21719045
1,59872,8990000000,5700000,3.960239328776365e+47,0.0,2637349146066944,1.0468468830835986e+77,4.977176779431906e+76,0,1.0426230716553246e+77,1.4041605545819056e+48,8990000000,2637349146066944,1,138,21719047
1586946,21000,6634058221,760974113,1.3197744867813602e+48,1.19613155241935e+16,0,1.1150709428038838e+76,5.1038433162801595e+76,0,6.885236216673438e+76,1.1860645723226342e+48,6634058221,0,0,2,21719047
49845,335762,6588242227,1200000000,1.1765641949838714e+48,0.0,64362613806210799,4.143006849562957e+76,4.438572422636435e+76,0,3.6965584143862425e+76,1.3202853585149761e+48,6588242227,64362613806210799,1,5194,21719047
2,385432,8990000000,5700000,1.0387397157469113e+47,0.0,18770757718900736,3.17902344096754e+76,5.6445506760439756e+76,0,4.81215487353153e+76,1.4041605545819056e+48,8990000000,18770757718900736,1,3850,21719046
1,21000,5058477088,5058477088,1.0428615666535162e+48,6.6793771981152e+16,0,9.565926852941766e+76,4.4114810234414794e+76,0,8.597806097463295e+76,1.1785010084535592e+48,5058477088,0,0,2,21719045
6,569078,102000000000,2000000000,2.923505072294528e+47,0.0,63609902555201536,6.419913236880984e+76,1.164798405384335e+76,37,1.1227556894793928e+77,5.7739684255701274e+47,5392610228,63609902555201536,1,2186,21719049
8,46951,12327464269,2000000000,6.120302555512506e+46,0.0,2637349146066944,8.73129332190274e+76,5.2351462113351835e+76,1,8.94792423502385e+76,3.650227726700029e+47,12327464269,2637349146066944,1,138,21719046
4551315,21000,20454238728,2000000000,1.086860571783442e+48,9.904e+16,0,3.431915368633825e+76,4.785386213858336e+76,0,2.018534547960107e+76,2.1970430717470183e+47,20454238728,0,0,2,21719047
0,21000,6671815553,2000000000,8.795604290556242e+47,2.9543101873387e+16,0,6.533701983973885e+76,3.434324278794706e+76,0,7.389817089694922e+76,2.7290555710851902e+47,6671815553,0,0,2,21719049
9,246165,12327464269,2000000000,7.77075053696297e+47,0.0,26836146059214848,1.3451261768507875e+75,8.346674278032606e+75,1,1.1538880675402062e+77,3.650227726700029e+47,12327464269,26836146059214848,1,1422,21719048
417258,700000,5801869049,118957325,1.438283512042476e+48,0.0,855638016,9.940939883041742e+76,4.131085456952977e+75,1,4.8724579747109303e+76,9.136610172180734e+47,5801869049,855638016,1,3466,21719049
3,60208,7304050942,2000000000,9.32553318442044e+47,0.0,47575441774477312,1.0832132361633405e+77,1.3933356635376872e+76,1,4.559010500180955e+76,1.5152278714979083e+47,7304050942,47575441774477312,1,138,21719048
2122563,500000,102000000000,2000000000,1.059650850484851e+48,5.6112e+16,0,1.0409920704836642e+77,6.578226008684215e+75,0,4.0368668155731397e+76,2.1863303542864414e+47,10000000000,0,0,2,21719049
0,100000,5617302320,5617302320,9.175510568426712e+47,0.0,2637349146066944,1.88233216375165e+76,3.734287495556447e+76,0,2.5858230120676315e+76,1.354511403369479e+48,5617302320,2637349146066944,1,138,21719045
2122564,500000,102000000000,2000000000,1.1186524126608586e+48,3.095874e+16,0,7.266712463970826e+76,1.6913179700899808e+76,1,3.344652494631321e+76,2.1863303542864414e+47,10000000000,0,0,2,21719049
25,25456,6670022781,970000000,2.727401967150456e+47,7000000000000000.0,6012835,1.1095313032922427e+77,5.1629476129429516e+76,0,8.256892273387454e+76,1.0957990893433205e+48,6670022781,6012835,1,8,21719046
4551316,21000,20454238728,2000000000,3.324819611111263e+47,3.7e+17,0,1.2409180318046196e+76,4.577127273306117e+76,1,9.703516061856928e+76,2.1970430717470183e+47,20454238728,0,0,2,21719048
28361,42000,18000000000,10000000,5.432373103354792e+47,2.45e+16,0,7.675623550497457e+76,2.336131616156283e+76,1,2.8434848502226395e+76,1.3331382946603832e+48,18000000000,0,0,2,21719045
13520240,350000,102000000000,2000000000,9.175510568426712e+47,0.0,47575441774477312,7.766378494497607e+76,7.765133969194252e+75,38,8.353083078562855e+76,4.007899620063405e+47,4943226042,47575441774477312,1,138,21719046
13520241,350000,102000000000,2000000000,1.2488751460129641e+48,0.0,47575441774477312,7.53055229268539e+76,1.1948962566195e+76,37,1.1111214765815288e+77,4.007899620063405e+47,4943226042,47575441774477312,1,138,21719046
10667646,21000,10000000000,1000000000,1.7074828534413578e+47,9.90367e+16,0,9.347636500925782e+76,4.7516041527911736e+76,1,4.6884305233342124e+76,1.038152369971994e+48,10000000000,0,0,2,21719047
2,21000,10000000000,1000000000,1.038152369971994e+48,5.0594852419959584e+17,0,7.443159913434595e+76,8.178441145073749e+75,1,8.526208448316049e+76,6.4339874228185215e+47,10000000000,0,0,2,21719049
13520242,350000,102000000000,2000000000,1.340438660605296e+47,2.08527e+17,0,4.0834490782756116e+76,2.8132038440854477e+76,37,1.0497549862367802e+77,4.007899620063405e+47,4943226042,0,0,2,21719048
13520243,350000,102000000000,2000000000,9.175510568426712e+47,0.0,47575441774477312,1.8253135221845795e+76,4.4273711237342145e+76,37,3.8454233861031046e+76,4.007899620063405e+47,4943226042,47575441774477312,1,138,21719046
13520244,350000,102000000000,2000000000,1.2488751460129641e+48,0.0,47575441774477312,4.5022042119872174e+76,2.4720015123275797e+76,38,8.097569749181967e+76,4.007899620063405e+47,4943226042,47575441774477312,1,138,21719046
0,79019,7482037455,970000000,1.0313833611052756e+48,5e+19,63291461885493248,9.969847873699832e+76,5.6294751396093557e+76,1,1.1393029153885827e+77,9.535754135368248e+47,7482037455,63291461885493248,1,660,21719047
13520245,350000,102000000000,2000000000,1.4308495372751989e+48,2.764079e+18,0,1.0051289968963582e+75,2.8882937188191987e+76,38,4.0445964667816664e+76,4.007899620063405e+47,4943226042,0,0,2,21719046
284,83563,22000000000,2000000000,5.300863334152152e+47,0.0,18722681801146368,9.983186308426875e+76,1.506187217688514e+76,0,5.570222502858282e+76,1.1618492327444305e+48,22000000000,18722681801146368,1,202,21719047
155360,21000,6634058221,760974113,1.2730562562233433e+48,1.7326136982741064e+16,0,2.505580886657571e+76,3.7662556386812875e+76,0,9.810704487889114e+76,6.19557446934417e+46,6634058221,0,0,2,21719048
26,21000,7656549386,760974113,1.4357525939467795e+48,3.5437797103029444e+16,0,7.280587834759361e+76,3.060055552314765e+76,1,5.656821579135443e+75,5.329748165531437e+47,7656549386,0,0,2,21719045
640929,21000,6634058221,6634058221,2.4691222065893855e+47,0.0,0,6.432437840729492e+75,2.1498817252747563e+76,1,5.0187816388046893e+76,2.4691222065893855e+47,6634058221,0,0,2,21719046
1450264,21000,6634058221,760974113,1.3136742836456814e+48,1.6281355190546543e+19,0,1.2115449573645656e+76,2.372430860272255e+75,1,8.360074012813762e+76,5.509431790650889e+47,6634058221,0,0,2,21719047
4551317,21000,20454238728,2000000000,1.2952263086023906e+48,2.3479528e+17,0,2.1758450862408614e+76,4.3526092189953225e+76,1,1.8694122800860068e+76,2.1970430717470183e+47,20454238728,0,0,2,21719049
154642,70000,7976344803,50000000,9.175510568426712e+47,0.0,47575441774477312,6.48511842757563e+76,2.2253723497187717e+76,0,1.5393021569593359e+75,7.398010261354245e+47,7976344803,47575441774477312,1,138,21719046
10667647,21000,10000000000,1000000000,1.1994529540407901e+48,3.0808531e+17,0,1.1234314212042865e+75,3.190647254210848e+76,0,8.507477849193445e+76,1.038152369971994e+48,10000000000,0,0,2,21719047
0,100000,5617302320,5617302320,9.175510568426712e+47,0.0,2637349146066944,3.102666827551248e+76,4.157709262710155e+75,1,9.221330297017755e+76,2.8288098671349686e+47,5617302320,2637349146066944,1,138,21719046
7,259381,7482037455,970000000,1.0387397157469113e+47,2000000000000000.0,32491307527973296,1.0668736030322697e+76,5.3566152887879473e+76,0,8.600906050345098e+76,1.352909375252344e+48,7482037455,32491307527973296,1,2954,21719049
1,21000,22000000000,2000000000,3.4347089975183327e+47,3.3366e+16,0,8.593644689911916e+76,3.641452039276581e+76,0,7.768072432709873e+76,4.573630257185691e+47,22000000000,0,0,2,21719049
19,281309,7388242228,2000000000,2.8453619105095324e+47,3.9221e+17,12496046789754880,5.923197359780747e+76,1.8634364716084725e+76,0,7.075110570462948e+75,1.1551765370200908e+48,7388242228,12496046789754880,1,138,21719045
4551318,21000,20454238728,2000000000,7.124155231691846e+47,1.462224e+17,0,8.464066141496958e+76,3.7286012431449504e+76,1,5.4906147675882915e+76,2.1970430717470183e+47,20454238728,0,0,2,21719046
88131,275206,4557512346,4557512346,1.1164267369854508e+48,1.4395011e+17,20420360017018880,3.668169214735801e+76,2.4550082127955702e+76,0,9.733761485037471e+76,1.27776879247872e+48,4557512346,20420360017018880,1,2634,21719046
27,27220,4579201856,89000000,1.0773525781925298e+48,0.0,49934653015982080,1.0823540616389094e+76,3.8512422579600006e+76,0,2.3930411533355537e+76,1.1957642111460653e+48,4579201856,49934653015982080,1,394,21719045
10,21000,4588352317,35000000,1.4211168278885694e+48,8825195074633415.0,0,1.0397137519821607e+77,4.052677288749151e+76,1,1.545354927895001e+76,9.90500647508319e+46,4588352317,0,0,2,21719049
10667648,21000,10000000000,1000000000,1.096055893350321e+48,1.22102215e+18,0,1.0411630158676125e+77,5.642347006543952e+76,1,7.480986577588673e+76,1.038152369971994e+48,10000000000,0,0,2,21719047
640930,102469,4548581707,4548581707,1.2488751460129641e+48,0.0,47575441774477312,1.1552489139568822e+77,3.9351624193198997e+76,1,7.83447639338736e+76,2.4691222065893855e+47,4548581707,47575441774477312,1,138,21719045
0,100000,5739990397,5739990397,9.175510568426712e+47,0.0,2637349146066944,5.627812246747209e+76,3.1139597622442956e+76,1,8.669480241028607e+76,1.4557414789276738e+48,5739990397,2637349146066944,1,138,21719047
23195,21000,5935979763,50000000,5.918787939072007e+47,2.3369370712032147e+17,0,1.2198902847910668e+76,3.574922662961994e+76,0,1.1362664765838887e+77,3.216693136785194e+47,5935979763,0,0,2,21719047
10667643,21000,11000000000,1000000000,8.258162835476667e+47,3151320000000000.0,0,1.339004408925019e+75,4.425867978283452e+76,1,6.446025284789029e+76,1.038152369971994e+48,11000000000,0,0,2,21719047
537,76837,102000000000,2000000000,1.2488751460129641e+48,0.0,47575441774477312,4.496275547607935e+76,6.871153315339065e+75,37,9.918224126541316e+76,9.193476730952954e+46,5469014815,47575441774477312,1,138,21719049
7337301,207128,102000000000,2000000000,8.146919108576775e+47,6.588e+17,0,1.3642709274446151e+76,2.9076422412448117e+75,1,8.392432477809818e+76,8.597151237809698e+47,102000000000,0,0,2,21719049
755064,84000,5935979763,50000000,9.175510568426712e+47,0.0,47575441774477312,5.914478772662836e+76,5.1659484465017627e+76,1,5.5216151310884566e+76,4.373388883731855e+47,5935979763,47575441774477312,1,138,21719049
148,99144,7237315394,970000000,1.3491894716916433e+48,0.0,47575441774477312,7.012874276772816e+76,9.12648919849259e+75,0,1.1534580359076513e+77,1.0748260675547066e+47,7237315394,47575441774477312,1,138,21719047
1,46960,9110000000,5700000,1.456691574078761e+48,0.0,2637349146066944,1.0728504053384277e+77,9.467839329506378e+75,1,7.41297246728146e+76,2.9311530616320644e+45,9110000000,2637349146066944,1,138,21719049
1961364,21000,5349326430,5349326430,3.7070860297640975e+47,1.220179e+16,0,1.57551990410888e+76,5.6270195965641025e+76,1,4.771230814630764e+74,1.0173461277034048e+48,5349326430,0,0,2,21719047
1243773,2478325,5392610227,4368000,1.3243179512909339e+47,0.0,35136299392303104,6.397718429423395e+76,2.3563146829565166e+75,1,1.8487130595766995e+76,1.3314107587147167e+48,5392610227,35136299392303104,1,1930,21719049
223176,1162125,11396934574,1000000000,1.2395422141648574e+48,0.0,64900916372832256,1.0875346325970113e+77,5.2752352664177486e+76,1,4.7152013729018945e+76,1.1763449769742752e+48,11396934574,64900916372832256,1,2506,21719049
0,226629,4560672328,6800000,1.8469218458206235e+47,0.0,5299558972129280,7.749329510524129e+76,4.87468953770309e+76,1,1.0077615160317182e+77,4.150061300851703e+47,4560672328,5299558972129280,1,522,21719049
1,60457,9180000000,6000000,6.3070315090983655e+47,0.0,2637349146066944,1.0532198618361419e+77,7.040585441900355e+75,1,5.89121223702176e+76,5.713928137163845e+46,9180000000,2637349146066944,1,138,21719047
10667644,21000,11000000000,1000000000,4.816150765119278e+47,3.151318e+16,0,9.074341716680944e+76,1.8095019213339587e+75,0,1.2326615894747169e+76,1.038152369971994e+48,11000000000,0,0,2,21719047
0,100000,5696890433,5696890433,9.175510568426712e+47,0.0,2637349146066944,7.239576145297354e+76,3.700169186790639e+76,1,9.932660217297143e+76,7.441404197415325e+47,5696890433,2637349146066944,1,138,21719046
15901,50000,102000000000,2000000000,1.1356785995234201e+48,1.37022452e+18,0,1.0161979814262952e+77,3.9359895769874954e+76,37,3.686870842606302e+76,6.8463000080049665e+47,6250000000,0,0,2,21719045
55,200000,9207744692,100000000,9.175510568426712e+47,0.0,47575441774477312,1.1511809445856611e+77,3.951543989892167e+76,0,2.4413664432183816e+76,1.2486202684041555e+48,9207744692,47575441774477312,1,138,21719045
1,23100,9110000000,6100000,7.68353926463725e+47,1.08e+18,0,2.6442391735806165e+76,2.933490539646973e+76,0,5.902182719373172e+76,1.057311763860659e+47,9110000000,0,0,2,21719048
9,23352,9110000000,5700000,6.497468004810828e+47,0.0,1025030418,1.1506605437310013e+77,2.308850659984476e+76,1,1.1097257788309279e+77,7.624969879809382e+47,9110000000,1025030418,1,10,21719048
655714,100000,10980403712,2000000000,1.2488751460129641e+48,0.0,47575441774477312,4.507881106889538e+76,1.9038915236245983e+76,1,1.0754915342633975e+77,8.795604290556242e+47,10980403712,47575441774477312,1,138,21719046
2,211822,9180000000,6000000,6.480394233428847e+32,0.0,9591847567491072,8.514612077186234e+76,5.617832332909036e+76,0,5.757962439117373e+75,5.713928137163845e+46,9180000000,9591847567491072,1,3338,21719046
24,77949,7531343814,970000000,3.3945084393118084e+46,0.0,2637349146066944,9.611898725377032e+76,2.995925057913883e+76,0,8.2584005710582e+76,5.448329014463806e+47,7531343814,2637349146066944,1,138,21719047
32,23100,9110000000,6100000,7.204964402716327e+47,1000000000000000.0,0,3.102447674657942e+76,4.3397058515834034e+76,0,9.257234226753642e+76,1.0862192292126364e+48,9110000000,0,0,2,21719046
1,21000,7237315394,970000000,3.237284515990983e+47,3285585327814668.0,0,1.06212592347611e+77,2.7330037136993107e+76,0,3.1455387861140547e+75,1.3726159911433269e+48,7237315394,0,0,2,21719047
42,63249,22000000000,2000000000,8.545061637679553e+47,0.0,47575441774477312,2.494956379002855e+76,9.640329129983012e+75,0,6.7922683721679355e+75,1.2179539559554808e+48,22000000000,47575441774477312,1,138,21719049
6542,52050,10607744692,1500000000,4.379559444394606e+47,0.0,3972012565331968,8.925048038188653e+76,3.9717301430488835e+76,1,1.1377654555436578e+77,7.997579981841812e+47,10607744692,3972012565331968,1,202,21719045
14815,21000,4637912240,12030871,3.5256588063398298e+47,233491329338658.0,0,3.882422798679892e+76,2.7567552254567658e+76,0,1.1147548322154778e+77,1.2581210464127071e+48,4637912240,0,0,2,21719049
2,200000,102000000000,2000000000,7.944134158267168e+47,0.0,51762982140510208,9.93625434024811e+76,2.1589256319671913e+76,37,1.0545298347356144e+77,1.0791601465038742e+47,4785387963,51762982140510208,1,266,21719046
80,51331,4937146415,100000000,8.771298592582279e+46,0.0,2637349146066944,3.6486356057045726e+76,2.4085788653190356e+76,0,9.105774997480451e+76,6.009693631090317e+47,4937146415,2637349146066944,1,138,21719049
145,44947,5615531523,1125329667,1.2073566253336472e+48,4.7190438587936237e+17,19347640026136576,5.42818229867875e+76,1.5251233830247238e+76,0,6.883363704752067e+76,9.685119594794454e+46,5615531523,19347640026136576,1,586,21719048
0,100000,5696890433,5696890433,9.175510568426712e+47,0.0,2637349146066944,7.86966549757335e+76,3.550942946135235e+76,0,1.2791272754094644e+76,9.612794027080975e+47,5696890433,2637349146066944,1,138,21719045
647,75000,102000000000,2000000000,9.175510568426712e+47,0.0,47575441774477312,8.718255318862078e+76,2.0003688738566854e+76,38,8.235788397621975e+76,1.0807293478221939e+48,5314846459,47575441774477312,1,138,21719048
16233,21000,102000000000,2000000000,1.3079031842961288e+47,1e+16,0,4.8153189050969756e+76,3.71921816745303e+75,38,4.292078277814611e+76,8.231791334260744e+47,4540200000,0,0,2,21719048
89294,199639,10380482866,875120230,7.528963036448762e+47,0.0,3885100378882048,9.986270076336858e+76,4.68372129984935e+76,0,1.0524975014037168e+77,4.9987845315461525e+47,10380482866,3885100378882048,1,650,21719047
655715,21000,10980403712,2000000000,9.457437231002367e+47,299412482222848.0,0,1.0098862731203089e+77,3.499841994157951e+76,0,5.1498222951980603e+76,8.795604290556242e+47,10980403712,0,0,2,21719045
813235,90000,9111384692,3640000,3.0802644166451762e+47,1.55542e+16,0,8.663455000892521e+76,4.6181704632873626e+76,1,8.522946681580638e+75,1.1637089135622332e+48,9111384692,0,0,2,21719045
280,301648,7419991174,2000000000,3.6415115333949545e+47,0.0,15080172617203712,3.431564234535268e+76,2.0686768732939407e+76,1,1.0111656724123468e+77,1.170444600484936e+48,7419991174,15080172617203712,1,1740,21719045
2,40000,10000000000,10000000000,1.2488751460129641e+48,0.0,47575441774477312,1.064848362924667e+77,2.1726470173968893e+76,0,1.458123536363871e+76,1.3438615126614337e+48,10000000000,47575441774477312,1,138,21719049
1,394413,102000000000,2000000000,1.2168061268957482e+48,0.0,33474112286359552,1.4204517269789283e+76,2.9942094538034516e+76,37,2.8483465520479653e+76,1.1152733897150327e+48,4885390015,33474112286359552,1,202,21719046
212,21000,22000000000,2000000000,8.636152003402178e+47,3.1498471566067644e+16,0,5.49173390747134e+76,3.026917207652737e+76,1,9.841207204282059e+76,6.091343812182693e+47,22000000000,0,0,2,21719049
0,239100,8990000000,5900000,1.0387397157469113e+47,1.5743122616884812e+16,13726892947406848,1.4483993604602381e+75,3.685805500860094e+76,0,7.203489743867534e+76,7.508366982199893e+47,8990000000,13726892947406848,1,3146,21719046
222,90320,102000000000,2000000000,9.175510568426712e+47,0.0,47575441774477312,8.15223617629613e+75,3.8578518423392774e+76,0,2.8306441619336986e+76,3.724544021215763e+47,10000000000,47575441774477312,1,138,21719045
0,65147,7379261709,2000000000,9.175510568426712e+47,0.0,2637349146066944,4.0486068679721226e+75,2.0576500767364447e+76,1,3.881917469965242e+76,9.642429380947845e+47,7379261709,2637349146066944,1,138,21719048
1204392,100000,55575123460,103640000,4.509332235935531e+47,9.9873729e+17,0,1.6289078120333005e+76,1.8442273990615686e+76,1,9.520338360519448e+76,1.5246106796555782e+47,55575123460,0,0,2,21719047
1204393,100000,55575123460,153640000,1.2488751460129641e+48,0.0,47575441774477312,1.1240381578880459e+77,5.588081969514438e+76,0,8.91294479103461e+76,1.5246106796555782e+47,55575123460,47575441774477312,1,138,21719045
2664,90320,102000000000,2000000000,9.175510568426712e+47,0.0,47575441774477312,1.0931174167055873e+77,1.4860635382222345e+76,0,4.3490998917347406e+76,1.3758050675678438e+48,10000000000,47575441774477312,1,138,21719048
2,21000,7531343814,970000000,5.936819405951775e+47,402499517897251.0,0,5.89337163781388e+76,4.251272989595577e+76,0,1.9761599266254175e+76,1.0841399632559394e+48,7531343814,0,0,2,21719047
0,100000,5696890433,5696890433,9.175510568426712e+47,0.0,2637349146066944,3.5237774303836266e+76,6.300712333191197e+75,0,5.134427385222158e+76,3.6418527240948795e+47,5696890433,2637349146066944,1,138,21719049
22,1000000,10331982712,1147998079,1.3791694726728965e+48,0.0,29031730539134976,3.772580526482769e+76,2.940749682957976e+76,1,3.021514250452348e+76,4.832505731379131e+47,10331982712,29031730539134976,1,522,21719048
11543585,207128,102000000000,2000000000,3.6187175410292697e+46,5800000000000000.0,0,8.480237900907312e+76,4.157283107556527e+76,0,6.402597817432085e+76,2.3279193749198252e+47,102000000000,0,0,2,21719049
4730591,207128,102000000000,2000000000,1.1730575939684756e+48,2676190000000000.0,0,7.468420835271386e+76,3.644197176123668e+76,1,8.22608266311775e+76,4.1940215512640395e+47,102000000000,0,0,2,21719047
11200104,207128,102000000000,2000000000,1.272788038190806e+48,0.0,47575441774477312,9.945395096535162e+76,4.899836172821482e+76,0,2.2912669675257306e+76,1.920344070702961e+47,102000000000,47575441774477312,1,138,21719046
10712876,207128,102000000000,2000000000,5.70330478668114e+47,1984150000000000.0,0,5.3860939477423124e+76,4.4892046375673655e+75,1,1.465674891597657e+76,1.2778585931709738e+48,102000000000,0,0,2,21719047
1961365,102469,5349326430,5349326430,1.2488751460129641e+48,0.0,47575441774477312,9.552992836572896e+76,1.9150850604332997e+76,0,1.908620105415803e+76,1.0173461277034048e+48,5349326430,47575441774477312,1,138,21719049
0,21000,102000000000,2000000000,3.3133925071756885e+47,1.2501255746973e+16,0,5.056105608582126e+76,3.4160417160236587e+75,37,7.67529626566511e+76,1.0877148714333234e+48,4702107287,0,0,2,21719045
10712877,207128,102000000000,2000000000,9.175510568426712e+47,0.0,47575441774477312,9.871692003118857e+76,3.19087804820963e+76,1,1.0358733846543271e+77,1.2778585931709738e+48,102000000000,47575441774477312,1,138,21719045
0,21000,102000000000,2000000000,3.3133925071756885e+47,1.9901255746973e+16,0,8.8545049997765e+76,4.2642357899269924e+76,37,5.326616062903887e+75,5.6742437793057e+46,4702107287,0,0,2,21719048
3,194584,9111384692,3640000,8.022612257600117e+47,0.0,1371290757,6.08595840959579e+76,5.6690928421358975e+76,1,6.711133273237829e+76,2.485398592230119e+47,9111384692,1371290757,1,10,21719048
81,281233,4704439099,100000000,9.743344291921827e+46,0.0,5253727191564288,4.8320543770967735e+76,6.408646432060123e+74,0,4.596680588833274e+76,6.009693631090317e+47,4704439099,5253727191564288,1,1490,21719048
0,22000,102000000000,2000000000,1.345370618834235e+48,1.9989e+17,0,9.288374209583719e+75,1.1654476858165613e+76,38,4.997277702934776e+76,1.5144922776888766e+47,5000000000,0,0,2,21719048
50489,500000,102000000000,2000000000,1.0564122778142427e+48,0.0,47575441774477312,8.996861374730311e+75,4.500884955600098e+76,37,8.494682861405142e+76,3.2520810688050766e+47,5500000000,47575441774477312,1,138,21719047
10667645,21000,11000000000,1000000000,1.3150416981064346e+48,4.1e+16,0,1.1026812190624085e+77,5.6594647310364613e+76,1,5.008728299010877e+76,1.038152369971994e+48,11000000000,0,0,2,21719047
3,62427,5558352317,970000000,1.2488751460129641e+48,0.0,47575441774477312,1.0097387110816516e+77,1.3964289640918641e+76,0,4.4780010186634196e+76,9.841480622935851e+47,5558352317,47575441774477312,1,138,21719045
51838,110561,7235302784,500000000,1.1048453461275236e+48,0.0,39364766837243904,3.08485203181259e+76,3.284843318269119e+76,1,4.3363633755719595e+76,1.4142859289364082e+48,7235302784,39364766837243904,1,1546,21719047
3,21000,4705146306,100000000,1.0042556862505319e+48,2113547358186694.0,0,2.247580314309888e+76,5.733256258283027e+75,0,6.983753838520073e+76,6.649551426821403e+47,4705146306,0,0,2,21719046
1034440,21000,8984043712,3640000,5.817057402159024e+47,2925405896115730.0,0,5.263266080763803e+76,5.4280240314881577e+76,1,1.0201472184029305e+77,1.6240468346993611e+47,8984043712,0,0,2,21719047
0,22000,102000000000,2000000000,1.345370618834235e+48,7.833939e+16,0,2.8965486884832986e+76,1.7608628658891424e+76,37,5.853882233001826e+76,8.71487700816368e+47,5000000000,0,0,2,21719049
0,100000,5696890433,5696890433,9.175510568426712e+47,0.0,2637349146066944,5.983528440502348e+76,2.343647199968001e+76,1,9.67584326889952e+76,1.7646103682599882e+47,5696890433,2637349146066944,1,138,21719045
0,200000,102000000000,2000000000,6.179683725814098e+47,0.0,47575441774477312,5.851141880402865e+76,1.4518156076799114e+76,37,5.1829755609124306e+76,5.825948045780089e+47,4702107287,47575441774477312,1,138,21719048
8894,21000,5130206369,7100000,1.1771483238048111e+48,3.54e+16,0,4.413596082548851e+76,2.443151970429425e+76,1,9.947336006033693e+76,4.926081636936491e+47,5130206369,0,0,2,21719047
3678145,420000,502000000000,2000000000,2.7661771749913602e+47,0.0,47575441774477312,2.1319438294784466e+76,4.096433111631434e+76,0,4.2962894156989745e+76,6.209857261706045e+47,502000000000,47575441774477312,1,138,21719049
661,21000,5129706369,6600000,1.6215051505087805e+47,4.639e+16,0,7.688053490671148e+76,5.002271400309065e+76,0,7.099782074468639e+76,6.995200276903946e+47,5129706369,0,0,2,21719047
134816,200000,9207744692,100000000,9.175510568426712e+47,0.0,47575441774477312,3.335004630841966e+76,3.409924493002947e+76,0,5.654945902581525e+75,1.1721964143943403e+48,9207744692,47575441774477312,1,138,21719049
1450263,70000,6646953876,760974113,9.175510568426712e+47,0.0,47575441774477312,2.9204950391668286e+76,5.1801559292922585e+75,1,7.059027258879406e+75,5.509431790650889e+47,6646953876,47575441774477312,1,138,21719049
10,66482,4795647357,100000000,6.024915687736001e+47,0.0,47575441774477312,7.347164157204982e+76,7.136042855595322e+75,0,7.541105520264411e+76,6.3245783297891474e+47,4795647357,47575441774477312,1,138,21719049
12,322413,7366013661,757839128,1.39224075403976e+48,0.0,3763689421275136,5.161824664596091e+76,5.626724541203287e+76,1,8.057084795847136e+76,6.496798433873003e+47,7366013661,3763689421275136,1,458,21719046
0,21000,200000000000,2000000000,1.4193416962342289e+48,3.6730752e+17,0,6.214596623033193e+76,3.480422266607262e+76,1,4.216235858173383e+76,1.1235171411545466e+48,200000000000,0,0,2,21719045
0,21000,200000000000,2000000000,1.4193416962342289e+48,3.2892999929057926e+17,0,3.5774693672414785e+76,4.0657520448554713e+76,0,5.431830154020927e+76,1.043814590192406e+48,200000000000,0,0,2,21719045
13,21000,200000000000,2000000000,1.4193416962342289e+48,2.1980541306634e+17,0,4.493663952657917e+76,1.3283364814707706e+76,1,1.6487430288630385e+76,1.2237317766046039e+48,200000000000,0,0,2,21719048
5,21000,200000000000,2000000000,1.4193416962342289e+48,2.16923973834809e+17,0,4.5796467940505985e+76,5.581531342218704e+76,1,1.081249330130522e+77,1.089341404226629e+48,200000000000,0,0,2,21719045
0,21000,200000000000,2000000000,1.4193416962342289e+48,4.4705803e+17,0,5.327009698394122e+76,2.3724533378683302e+76,0,6.807039183731408e+75,1.2261654462740024e+48,200000000000,0,0,2,21719045
3,21000,200000000000,2000000000,1.4193416962342289e+48,1.10128285109676e+17,0,5.917789002494782e+75,3.653824394490164e+76,1,1.217011188176862e+76,1.3325231377161594e+48,200000000000,0,0,2,21719049
67,21000,200000000000,2000000000,1.4193416962342289e+48,1.1635199703290458e+17,0,6.19059747626011e+76,1.6398829135395382e+76,1,6.654969720953771e+76,8.744868582515729e+47,200000000000,0,0,2,21719045
4,21000,200000000000,2000000000,1.4193416962342289e+48,3.91752881073361e+16,0,4.6780894545475655e+75,1.8014815705268372e+76,1,5.5445989334293435e+76,4.663352631938661e+47,200000000000,0,0,2,21719049
51,21000,200000000000,2000000000,1.4193416962342289e+48,6.5465994977755544e+16,0,1.3469132648585808e+76,5.704683297666254e+75,0,6.974591543224809e+76,1.0248852619269732e+48,200000000000,0,0,2,21719049
